employee_id,department,job_role,work_mode,marital_status,age,monthly_income,years_at_company,distance_from_home_km,num_projects,overtime_hours_per_month,satisfaction_survey_score,last_promotion_years_ago,manager_id,badge_color,desk_floor,parking_spot_assigned,attrition
900000,Engineering,Senior,Onsite,Divorced,29,41944.06,16,2.09,9,12,4,7,23,4,7,1,0
900001,Engineering,Junior,Onsite,Divorced,43,93778.19,18,5.22,7,19,2,0,10,1,6,1,0
900002,Sales,Senior,Hybrid,Married,29,55975.23,6,7.16,2,12,1,8,17,1,5,0,1
900003,Engineering,Mid,Hybrid,Married,32,26465.69,19,4.3,4,19,4,7,30,3,6,0,0
900004,Support,Senior,Onsite,Divorced,45,34926.29,6,20.58,2,16,2,9,13,1,4,1,1
900005,Sales,Mid,Onsite,Single,35,22442.83,23,4.6,11,14,5,6,38,4,8,0,0
900006,HR,Mid,Remote,Divorced,32,46703.8,6,1.64,11,11,4,2,17,2,8,0,0
900007,Engineering,Junior,Onsite,Married,30,102314.18,14,1.39,3,11,3,9,38,4,3,1,0
900008,Marketing,Mid,Hybrid,Married,33,116520.34,12,15.45,5,15,1,8,22,4,8,0,0
900009,Marketing,Mid,Onsite,Single,54,47820.22,23,1.0,7,15,4,9,1,2,1,1,1
900010,Marketing,Senior,Hybrid,Married,24,74901.78,4,4.82,6,14,5,1,44,4,6,1,0
900011,Sales,Mid,Onsite,Married,25,60023.56,1,5.62,9,16,2,3,14,2,8,0,0
900012,Support,Senior,Hybrid,Single,40,144919.3,14,9.72,11,9,2,9,40,4,5,0,0
900013,Sales,Senior,Onsite,Married,35,98681.58,4,1.0,5,7,2,9,1,4,4,1,1
900014,Engineering,Lead,Onsite,Divorced,45,78535.61,5,13.23,5,22,2,5,6,1,9,1,0
900015,Support,Senior,Onsite,Married,54,44925.97,13,3.68,11,14,5,6,42,1,6,1,0
900016,Sales,Junior,Hybrid,Single,34,68393.18,0,2.83,1,21,2,0,37,4,6,1,0
900017,Support,Mid,Onsite,Single,32,85987.05,3,3.47,10,16,4,9,23,3,4,1,0
900018,Marketing,Mid,Onsite,Single,29,54568.75,11,17.0,3,17,4,9,8,2,5,1,0
900019,Sales,Lead,Onsite,Married,43,68926.43,17,6.84,9,15,5,7,3,4,9,1,0
900020,Sales,Lead,Hybrid,Married,33,58639.45,9,2.4,9,16,4,2,34,2,6,1,0
900021,Engineering,Lead,Onsite,Married,25,61352.87,24,1.94,11,17,2,0,29,3,2,0,0
900022,Engineering,Junior,Hybrid,Single,34,75585.52,18,10.25,4,23,5,0,5,2,4,1,0
900023,Sales,Senior,Onsite,Divorced,47,54275.89,6,35.51,7,15,5,6,12,2,8,0,1
900024,Engineering,Lead,Onsite,Single,46,90545.14,17,16.66,1,17,4,2,10,4,5,1,0
900025,Sales,Mid,Onsite,Married,59,78449.96,7,2.97,1,8,1,3,26,3,8,1,1
900026,Marketing,Mid,Hybrid,Married,59,66709.49,20,14.01,5,12,1,1,43,3,2,1,0
900027,Support,Junior,Remote,Married,49,85160.65,12,20.96,6,16,3,9,28,2,7,0,1
900028,Engineering,Mid,Onsite,Single,52,62308.46,5,15.18,2,14,1,8,16,3,9,1,1
900029,Sales,Junior,Onsite,Single,55,49372.96,4,5.22,7,15,3,0,5,5,5,0,1
900030,Support,Junior,Onsite,Married,42,108735.28,10,4.41,11,15,4,8,42,5,5,0,0
900031,Engineering,Junior,Onsite,Single,48,28527.66,3,1.14,9,13,4,6,44,1,9,1,1
900032,Support,Junior,Onsite,Married,28,80428.65,21,1.0,4,15,1,6,14,1,2,1,0
900033,Sales,Senior,Hybrid,Married,58,97969.61,24,13.71,6,16,4,8,7,3,7,0,0
900034,Engineering,Senior,Hybrid,Married,26,65231.5,22,22.85,2,14,5,0,26,4,4,1,0
900035,Support,Lead,Remote,Married,28,59892.74,10,2.48,9,11,3,0,23,4,4,1,0
900036,Support,Mid,Onsite,Single,35,100313.11,14,4.63,4,16,4,9,26,5,3,0,0
900037,HR,Lead,Hybrid,Married,35,45270.36,4,16.58,1,10,4,3,21,3,6,0,0
900038,Support,Junior,Onsite,Married,33,81802.39,11,1.34,9,15,4,4,17,2,2,1,0
900039,Sales,Junior,Hybrid,Married,47,61272.93,4,1.1,10,4,1,0,34,1,5,1,0
900040,HR,Senior,Remote,Single,43,72548.14,24,8.22,5,13,3,9,5,2,5,1,0
900041,Engineering,Senior,Onsite,Married,34,64869.71,10,8.6,3,14,4,5,24,3,9,1,0
900042,Sales,Senior,Hybrid,Married,44,43103.08,6,21.26,8,14,1,1,5,4,4,1,0
900043,Engineering,Lead,Hybrid,Single,57,47747.97,10,14.37,7,14,3,0,31,2,5,0,0
900044,Sales,Senior,Onsite,Single,26,98235.35,11,1.18,11,16,4,0,39,4,4,1,0
900045,Engineering,Junior,Onsite,Divorced,50,72180.54,3,1.86,1,13,1,5,16,4,6,1,1
900046,HR,Mid,Onsite,Divorced,59,71314.3,19,3.05,8,21,5,1,34,4,6,1,0
900047,Support,Mid,Remote,Single,30,18000.0,2,9.34,11,10,2,0,25,2,3,0,1
900048,Engineering,Junior,Hybrid,Single,26,88293.17,6,2.69,4,24,2,7,35,2,7,0,0
900049,Sales,Mid,Hybrid,Single,41,118187.01,16,10.25,8,18,3,1,2,5,2,0,0
900050,Support,Junior,Onsite,Married,50,54277.28,7,20.85,4,22,4,2,7,2,1,0,0
900051,HR,Junior,Onsite,Divorced,34,76751.32,21,1.99,5,17,4,9,7,2,9,1,1
900052,Engineering,Senior,Remote,Married,21,83101.86,17,2.95,11,15,4,3,1,5,7,1,0
900053,Support,Junior,Remote,Married,21,29120.81,13,4.11,10,17,4,4,41,1,9,0,1
900054,Marketing,Senior,Hybrid,Divorced,28,19506.4,12,11.03,3,18,1,7,3,5,3,0,1
900055,Marketing,Mid,Hybrid,Single,30,52931.86,14,8.3,6,14,2,4,37,2,2,0,1
900056,Engineering,Senior,Onsite,Single,58,75278.57,15,15.84,11,22,2,8,36,4,3,1,0
900057,Sales,Mid,Hybrid,Divorced,51,59976.73,16,3.62,1,18,2,1,16,2,2,1,0
900058,Sales,Junior,Onsite,Single,32,92102.25,1,4.55,3,9,5,9,39,1,9,0,1
900059,Marketing,Junior,Onsite,Single,34,59288.02,6,1.0,6,15,2,2,20,1,3,1,0
900060,Engineering,Junior,Onsite,Married,57,90825.14,22,17.03,4,15,1,7,9,2,9,0,0
900061,Engineering,Lead,Hybrid,Single,41,62235.44,13,2.75,1,19,4,4,38,2,1,1,1
900062,Marketing,Junior,Hybrid,Divorced,37,38527.03,5,1.83,7,20,5,2,22,5,5,1,1
900063,Support,Mid,Remote,Married,39,90120.61,5,1.0,11,14,4,8,16,1,9,1,0
900064,Sales,Mid,Onsite,Married,21,54866.27,8,1.0,1,9,2,5,13,5,8,1,1
900065,Support,Senior,Remote,Divorced,22,47006.28,6,9.13,11,8,2,5,5,2,7,1,1
900066,Sales,Senior,Onsite,Single,41,69658.31,15,1.0,4,18,4,2,20,4,2,0,0
900067,Support,Junior,Hybrid,Married,44,111368.89,9,6.24,9,20,4,9,2,4,3,1,1
900068,Engineering,Junior,Hybrid,Married,44,80726.41,12,4.09,10,18,3,4,36,4,6,1,0
900069,Sales,Mid,Onsite,Married,38,63541.92,19,6.75,5,22,4,1,11,2,4,1,0
900070,Marketing,Mid,Onsite,Single,23,71889.31,14,8.36,10,9,1,5,30,5,5,1,1
900071,Engineering,Mid,Remote,Single,35,47600.28,5,1.0,5,6,4,5,42,4,8,0,0
900072,HR,Senior,Onsite,Married,55,50580.65,2,1.52,4,18,3,6,35,2,9,1,0
900073,Sales,Junior,Onsite,Single,57,75681.72,21,34.42,7,7,3,5,24,4,8,0,1
900074,Support,Senior,Hybrid,Single,32,53826.16,21,1.0,11,12,5,5,36,5,7,1,0
900075,Sales,Lead,Onsite,Single,41,42715.68,13,7.53,5,9,4,8,29,4,4,0,1
900076,Engineering,Lead,Remote,Married,46,66483.35,18,1.0,4,11,2,0,31,4,5,0,0
900077,Engineering,Junior,Onsite,Divorced,42,76906.19,14,7.27,5,11,1,1,7,1,2,1,1
900078,Engineering,Junior,Hybrid,Married,38,47612.87,12,5.3,10,12,3,6,35,1,3,0,1
900079,Marketing,Mid,Onsite,Single,46,66492.07,19,2.36,10,14,1,5,21,1,4,0,0
900080,Sales,Senior,Onsite,Single,53,74579.95,3,4.8,11,11,1,0,16,3,5,0,1
900081,Sales,Mid,Hybrid,Married,51,73195.58,11,2.55,11,14,1,5,31,1,5,0,1
900082,Engineering,Junior,Onsite,Married,23,79472.72,15,17.45,4,14,3,9,39,1,1,1,0
900083,Support,Junior,Remote,Divorced,51,69139.24,22,1.04,1,15,3,2,26,1,4,1,1
900084,Engineering,Senior,Remote,Married,41,68965.21,14,1.0,11,14,2,2,24,2,6,0,0
900085,HR,Junior,Onsite,Single,59,75304.69,19,5.41,10,16,2,6,4,3,9,1,0
900086,Engineering,Junior,Onsite,Married,37,77140.33,0,20.12,1,11,1,3,31,2,9,0,1
900087,Engineering,Junior,Onsite,Single,28,65537.77,8,3.33,10,15,2,3,31,5,2,1,0
900088,Engineering,Junior,Onsite,Single,25,39495.79,17,12.0,9,11,3,2,39,3,7,0,0
900089,Engineering,Lead,Onsite,Single,37,82625.85,8,10.82,11,16,1,3,22,1,2,1,1
900090,Support,Senior,Hybrid,Single,36,76973.07,13,34.35,7,11,2,7,9,5,8,0,1
900091,Marketing,Senior,Hybrid,Single,42,86613.88,0,20.95,1,11,1,7,1,2,4,1,0
900092,HR,Senior,Remote,Married,28,86520.28,6,1.71,1,13,2,4,28,3,6,1,0
900093,HR,Junior,Onsite,Divorced,24,93235.4,0,27.07,1,15,3,7,20,1,4,1,0
900094,Sales,Junior,Onsite,Married,39,23964.34,20,11.64,5,20,4,4,19,3,5,1,0
900095,Sales,Senior,Hybrid,Married,40,77935.49,19,13.1,3,20,5,8,26,3,7,0,0
900096,HR,Junior,Remote,Married,48,53881.33,19,24.21,9,17,5,4,20,5,4,0,0
900097,Support,Mid,Hybrid,Single,34,53081.33,21,9.61,1,13,5,7,2,4,3,1,0
900098,Engineering,Lead,Hybrid,Single,39,38809.79,18,1.12,5,11,2,4,13,5,6,1,0
900099,Engineering,Lead,Hybrid,Married,28,92177.38,18,2.04,4,16,1,5,1,4,7,1,0
900100,Engineering,Junior,Hybrid,Single,58,45431.62,8,6.7,11,13,1,4,18,3,5,0,0
900101,Engineering,Senior,Remote,Divorced,25,88282.93,20,7.23,9,11,5,2,26,4,6,0,0
900102,Engineering,Mid,Onsite,Married,30,40216.14,16,5.58,10,15,3,4,36,1,3,1,0
900103,Sales,Lead,Hybrid,Single,35,71698.33,24,13.78,6,8,2,1,23,2,2,0,0
900104,Engineering,Mid,Hybrid,Married,28,56283.64,11,16.58,10,12,5,9,39,2,4,1,0
900105,Support,Senior,Onsite,Divorced,58,19293.71,7,14.79,3,30,1,8,30,4,6,0,0
900106,Engineering,Lead,Hybrid,Married,45,62206.52,21,4.42,6,15,3,6,20,5,9,0,0
900107,Support,Mid,Onsite,Divorced,38,69236.5,17,11.01,11,12,1,5,21,1,8,1,0
900108,HR,Senior,Remote,Single,57,31961.04,15,12.4,5,17,3,5,10,2,8,1,1
900109,Marketing,Mid,Hybrid,Single,46,89341.14,21,10.35,9,18,2,5,18,5,9,1,0
900110,Sales,Mid,Onsite,Married,22,38428.09,16,15.2,5,14,1,5,21,1,8,0,0
900111,Support,Junior,Hybrid,Single,50,44919.56,13,1.34,1,14,5,0,5,3,4,0,0
900112,Engineering,Senior,Onsite,Married,33,63890.05,3,1.44,5,12,3,8,23,1,2,0,0
900113,Engineering,Junior,Hybrid,Divorced,40,66044.95,20,6.17,5,14,4,7,41,4,5,0,0
900114,Support,Junior,Onsite,Married,55,75079.56,5,4.31,2,16,4,6,2,1,8,0,0
900115,Sales,Senior,Hybrid,Single,31,84678.4,4,8.57,6,15,4,4,32,3,6,1,0
900116,Engineering,Mid,Onsite,Single,21,76032.05,9,11.63,9,22,1,2,32,3,7,1,0
900117,Sales,Mid,Onsite,Married,44,51945.33,2,2.05,10,18,5,7,16,2,4,1,1
900118,Engineering,Mid,Onsite,Single,46,54101.85,4,6.03,8,19,5,8,27,2,8,0,0
900119,Support,Senior,Hybrid,Married,48,85431.72,4,13.85,10,17,3,4,31,2,7,0,0
900120,Support,Mid,Remote,Married,22,18000.0,22,14.48,7,17,3,1,10,1,8,1,1
900121,Engineering,Mid,Hybrid,Single,31,102494.42,8,3.79,4,11,5,0,34,4,2,1,0
900122,Marketing,Junior,Remote,Married,33,76107.43,3,1.0,8,11,3,9,6,2,5,0,1
900123,Marketing,Mid,Hybrid,Single,48,86615.2,22,27.15,7,15,5,4,44,5,4,1,0
900124,Marketing,Lead,Hybrid,Single,33,81478.24,23,6.14,2,16,4,3,8,1,2,0,0
900125,Engineering,Lead,Onsite,Divorced,29,89602.41,16,1.89,8,19,5,5,3,4,5,1,1
900126,Support,Junior,Onsite,Single,52,38514.03,19,3.22,7,13,3,8,22,5,7,0,0
900127,Support,Mid,Onsite,Single,43,66345.46,18,3.14,9,19,1,4,33,4,8,0,0
900128,Marketing,Mid,Onsite,Married,55,52893.02,12,1.0,4,17,2,5,27,4,7,1,0
900129,Sales,Junior,Hybrid,Married,43,78760.36,0,17.19,5,16,5,2,14,4,4,0,1
900130,Engineering,Senior,Hybrid,Married,48,90521.93,20,1.68,10,14,3,9,9,4,2,1,0
900131,Support,Lead,Hybrid,Married,44,45247.51,5,5.9,3,9,5,4,41,3,3,1,0
900132,HR,Senior,Onsite,Married,53,98241.08,9,10.37,8,11,2,5,34,3,5,1,0
900133,HR,Mid,Hybrid,Married,28,61330.46,19,1.33,4,15,2,1,20,3,2,1,0
900134,Engineering,Junior,Hybrid,Married,54,39360.86,23,2.04,8,16,3,8,3,5,5,0,1
900135,Marketing,Lead,Remote,Single,24,98522.49,24,2.87,2,20,2,1,14,5,6,1,0
900136,HR,Junior,Remote,Married,58,80104.87,23,11.62,9,20,2,4,30,1,1,0,0
900137,Engineering,Senior,Onsite,Single,27,77039.04,7,2.91,11,17,3,2,39,3,4,1,0
900138,Engineering,Junior,Hybrid,Single,47,92637.66,3,23.14,2,12,1,8,4,1,2,0,0
900139,Sales,Mid,Hybrid,Single,44,79898.82,8,1.0,7,13,2,9,21,5,7,0,1
900140,Sales,Junior,Hybrid,Single,55,63564.08,14,2.42,6,16,3,7,22,2,2,1,0
900141,Marketing,Junior,Onsite,Single,27,74092.08,12,40.93,1,14,3,0,9,4,8,1,1
900142,Engineering,Junior,Hybrid,Married,36,50575.08,6,31.55,10,13,2,1,3,4,9,0,1
900143,Support,Senior,Onsite,Married,45,75411.52,8,17.22,4,19,2,5,26,2,7,0,0
900144,Support,Mid,Remote,Married,28,18000.0,22,3.93,3,8,3,9,22,3,2,1,1
900145,Marketing,Senior,Onsite,Divorced,45,98638.03,21,1.29,8,22,3,0,16,2,9,1,0
900146,Sales,Junior,Remote,Single,51,65075.52,17,18.97,4,18,1,6,10,3,1,0,1
900147,Engineering,Mid,Hybrid,Married,39,53828.94,1,2.45,4,9,2,6,17,1,7,1,0
900148,Sales,Junior,Hybrid,Single,57,72695.59,11,18.67,6,16,4,5,41,4,7,1,1
900149,Support,Mid,Remote,Married,51,117720.59,2,10.81,3,11,4,3,6,4,7,1,0
900150,HR,Senior,Remote,Married,23,118868.15,19,2.69,8,11,2,7,40,1,8,1,0
900151,Engineering,Mid,Hybrid,Married,48,42350.08,17,18.58,4,15,3,2,39,3,1,0,0
900152,Support,Mid,Hybrid,Divorced,22,56581.01,6,14.53,2,15,1,5,13,5,2,1,0
900153,Support,Mid,Onsite,Single,55,82569.17,12,9.59,11,5,1,5,6,1,7,1,0
900154,Sales,Junior,Remote,Single,52,39227.19,23,10.0,5,16,4,6,38,3,7,0,0
900155,Engineering,Junior,Hybrid,Single,40,57206.01,5,11.66,11,13,2,2,17,3,1,0,0
900156,Engineering,Mid,Remote,Single,56,47219.44,24,1.0,1,21,2,5,1,5,4,0,1
900157,Marketing,Senior,Hybrid,Single,54,26484.42,19,8.76,11,13,4,9,42,5,4,1,0
900158,Marketing,Junior,Remote,Married,47,78650.54,6,2.1,9,11,4,8,17,2,9,1,0
900159,Engineering,Mid,Hybrid,Single,21,18859.76,6,9.15,5,20,3,7,37,4,3,0,1
900160,Marketing,Senior,Hybrid,Married,25,76044.96,21,1.31,5,16,4,7,37,2,9,1,0
900161,Sales,Mid,Remote,Married,34,71862.52,3,7.88,11,17,4,2,44,1,9,1,1
900162,Marketing,Mid,Onsite,Married,52,83155.95,22,7.27,9,20,2,2,35,3,9,0,1
900163,Engineering,Senior,Onsite,Married,59,49322.43,10,12.94,10,14,3,4,13,2,9,0,0
900164,Marketing,Mid,Hybrid,Single,59,82214.77,12,16.61,10,12,4,3,18,1,3,1,1
900165,Marketing,Mid,Onsite,Married,25,57464.72,23,2.13,1,10,4,7,18,1,4,0,0
900166,Support,Junior,Onsite,Divorced,41,76158.59,22,13.58,3,14,3,1,8,2,5,1,0
900167,Support,Junior,Remote,Single,43,67910.18,11,50.64,8,12,5,3,28,2,6,0,0
900168,HR,Lead,Hybrid,Married,44,83930.15,20,1.65,11,15,4,3,29,1,5,1,0
900169,Marketing,Junior,Onsite,Single,23,51732.4,9,18.58,10,14,5,1,38,5,3,0,0
900170,Engineering,Senior,Hybrid,Single,40,54008.35,19,8.8,6,17,2,2,5,1,5,1,0
900171,Engineering,Mid,Hybrid,Single,53,79900.63,13,6.16,7,22,3,2,37,3,8,0,0
900172,HR,Lead,Hybrid,Married,36,54706.53,16,2.17,7,9,5,5,23,5,3,1,0
900173,Support,Mid,Hybrid,Single,38,43133.13,2,4.19,11,16,5,5,42,1,4,0,0
900174,Support,Mid,Onsite,Single,29,48670.96,21,6.79,7,11,1,4,7,2,1,1,1
900175,Sales,Mid,Remote,Married,50,46859.84,15,8.52,8,17,5,7,10,5,2,1,0
900176,Support,Junior,Hybrid,Single,24,83390.25,23,4.16,6,14,2,8,38,1,8,0,1
900177,HR,Mid,Hybrid,Single,36,81151.74,23,1.83,8,19,4,5,25,4,8,1,0
900178,Engineering,Senior,Remote,Single,48,69492.19,7,2.75,3,8,4,5,38,4,6,1,0
900179,HR,Mid,Hybrid,Single,52,86679.75,0,3.03,1,14,1,4,15,3,5,1,1
900180,HR,Mid,Hybrid,Single,45,52665.32,12,2.4,1,16,1,2,39,4,4,0,1
900181,Support,Senior,Onsite,Divorced,30,56038.94,14,44.17,6,23,5,3,25,3,3,1,0
900182,Sales,Lead,Hybrid,Single,49,75761.65,17,2.86,7,10,3,4,11,3,3,0,1
900183,Engineering,Lead,Onsite,Single,57,71470.75,10,10.6,3,20,3,6,18,2,3,0,0
900184,Engineering,Senior,Hybrid,Married,26,18361.81,8,1.0,2,16,3,5,33,5,6,1,0
900185,Support,Mid,Hybrid,Single,34,31936.67,13,2.02,7,14,2,2,35,4,6,0,0
900186,Engineering,Junior,Hybrid,Married,25,68556.15,10,11.68,10,18,1,1,5,4,8,0,0
900187,Engineering,Senior,Hybrid,Single,28,84544.58,4,7.35,5,12,4,8,14,1,4,0,0
900188,Sales,Junior,Onsite,Married,23,91138.6,2,5.66,4,8,3,0,26,2,5,0,0
900189,Engineering,Mid,Onsite,Single,58,63626.8,10,9.31,11,14,1,7,23,2,9,1,0
900190,Marketing,Mid,Hybrid,Single,47,81678.89,5,1.66,9,16,1,1,32,4,3,1,0
900191,Engineering,Senior,Onsite,Single,48,47128.05,9,1.0,6,14,3,4,39,5,1,0,1
900192,Support,Junior,Hybrid,Married,45,34210.53,24,23.52,11,15,4,4,37,5,3,0,1
900193,Marketing,Mid,Hybrid,Married,31,18000.0,6,14.7,6,11,3,2,8,4,1,1,0
900194,Sales,Junior,Remote,Single,24,63749.79,17,2.16,9,15,1,3,44,4,4,0,0
900195,Marketing,Mid,Hybrid,Single,41,45217.37,5,3.35,11,19,5,8,26,2,1,1,1
900196,Engineering,Junior,Hybrid,Married,55,117701.92,9,3.64,9,12,4,8,30,3,8,0,0
900197,Engineering,Junior,Onsite,Single,55,115837.47,1,6.89,9,25,4,3,35,4,7,1,0
900198,HR,Mid,Onsite,Married,58,74877.13,10,1.2,5,13,3,0,15,3,3,1,0
900199,Support,Lead,Onsite,Married,30,69110.98,6,19.21,7,10,5,2,14,1,9,1,1
900200,Engineering,Mid,Remote,Divorced,40,63119.81,11,15.75,5,9,3,0,44,5,1,0,0
900201,HR,Senior,Remote,Single,51,37593.43,23,2.42,5,15,4,7,14,5,6,0,0
900202,Support,Mid,Onsite,Single,52,37020.34,23,12.98,4,11,3,0,24,2,7,1,0
900203,Sales,Junior,Onsite,Single,59,83035.23,21,7.37,1,15,1,0,16,1,8,0,1
900204,Engineering,Junior,Hybrid,Divorced,43,82713.09,20,24.81,9,18,1,5,31,2,9,0,0
900205,Sales,Lead,Hybrid,Married,46,45394.06,23,17.14,2,12,2,8,14,1,6,0,0
900206,Engineering,Mid,Hybrid,Single,30,98369.54,20,5.57,1,19,3,8,19,4,9,0,0
900207,HR,Senior,Onsite,Married,51,110280.61,0,15.46,9,20,4,5,37,5,1,0,0
900208,Engineering,Junior,Onsite,Single,33,44211.16,14,19.74,5,6,5,9,35,1,9,1,0
900209,Support,Senior,Onsite,Married,49,69702.37,1,10.02,1,19,5,7,40,3,4,0,0
900210,HR,Senior,Onsite,Married,51,77655.04,10,9.53,4,24,3,3,14,3,1,1,0
900211,Engineering,Senior,Onsite,Single,41,124171.4,5,5.22,9,21,3,6,7,1,2,0,0
900212,Engineering,Mid,Onsite,Married,54,35917.57,16,1.08,2,16,5,7,10,2,5,1,1
900213,Marketing,Junior,Hybrid,Single,53,78244.52,3,17.32,4,21,1,9,40,2,1,0,1
900214,Support,Junior,Onsite,Divorced,42,78683.57,22,7.54,7,19,1,8,1,5,3,1,1
900215,Support,Mid,Hybrid,Single,48,79304.24,13,5.07,7,24,2,9,15,4,9,0,1
900216,Marketing,Mid,Remote,Divorced,33,68460.04,2,4.43,4,16,2,3,16,1,1,0,1
900217,Support,Mid,Onsite,Married,59,58830.22,6,8.4,2,12,1,1,25,2,5,1,0
900218,Support,Senior,Onsite,Married,54,35406.99,23,1.0,8,16,1,4,16,5,3,1,0
900219,Marketing,Junior,Onsite,Married,54,91364.63,14,24.7,3,13,4,1,29,2,2,1,1
900220,Sales,Mid,Remote,Married,21,104916.2,14,7.41,3,17,1,0,35,5,1,0,0
900221,Engineering,Mid,Hybrid,Divorced,56,57326.64,22,1.23,9,7,4,5,10,1,5,0,0
900222,Engineering,Junior,Onsite,Married,56,65621.81,17,3.38,6,12,2,0,37,4,8,1,1
900223,Engineering,Mid,Hybrid,Married,26,38530.6,1,21.79,8,18,1,1,28,4,3,1,0
900224,Marketing,Senior,Hybrid,Single,43,89126.37,11,6.93,2,8,4,0,37,4,4,0,0
900225,Sales,Junior,Hybrid,Divorced,27,67633.88,14,7.75,7,12,5,8,5,2,3,1,0
900226,HR,Senior,Hybrid,Single,28,73052.48,13,7.7,5,12,3,4,32,5,9,0,0
900227,HR,Senior,Onsite,Divorced,50,66355.05,14,2.66,5,18,4,4,32,3,7,0,0
900228,Support,Junior,Hybrid,Single,33,90527.99,17,6.01,6,13,2,4,34,4,9,1,0
900229,Support,Junior,Remote,Divorced,45,50932.55,21,1.68,11,18,3,6,24,3,1,1,0
900230,Sales,Junior,Onsite,Single,22,91314.73,24,22.0,1,17,2,1,40,4,9,0,0
900231,Sales,Senior,Hybrid,Married,29,148676.68,23,8.89,6,13,4,2,32,1,9,1,0
900232,Support,Lead,Hybrid,Single,26,53318.7,6,13.98,3,19,4,4,20,4,7,1,1
900233,Marketing,Mid,Onsite,Single,49,41704.56,14,2.15,9,10,2,0,38,3,6,1,1
900234,Engineering,Senior,Hybrid,Married,33,57831.2,0,8.55,1,9,3,7,25,4,2,0,0
900235,Engineering,Mid,Remote,Divorced,26,101190.62,10,4.35,7,14,4,1,6,3,5,1,0
900236,Engineering,Mid,Remote,Single,22,91261.03,6,1.0,9,16,4,3,8,5,5,0,0
900237,Engineering,Mid,Onsite,Single,28,68525.45,2,21.4,7,14,4,3,26,2,8,0,0
900238,Support,Junior,Hybrid,Single,29,18000.0,8,5.53,6,16,1,5,33,4,6,0,1
900239,Sales,Mid,Hybrid,Divorced,50,102571.55,24,4.48,6,17,4,5,28,3,8,1,0
900240,Support,Junior,Onsite,Single,58,81629.5,4,12.18,7,18,4,9,33,2,8,1,1
900241,Sales,Junior,Remote,Married,41,45103.4,17,1.32,11,13,1,3,17,3,3,0,0
900242,Engineering,Mid,Hybrid,Single,40,70030.83,23,2.41,8,12,3,2,31,4,7,0,0
900243,Sales,Junior,Onsite,Married,42,49184.8,23,19.51,4,17,5,2,32,5,9,0,1
900244,Marketing,Junior,Hybrid,Single,58,61102.32,20,11.21,2,14,2,7,14,1,6,0,1
900245,Support,Senior,Onsite,Married,45,61341.03,21,3.83,1,21,5,8,32,3,1,0,0
900246,Sales,Mid,Remote,Single,36,60935.74,22,13.89,10,15,3,9,44,2,8,1,0
900247,Support,Junior,Remote,Divorced,30,65221.55,23,1.66,3,32,3,1,26,5,7,1,0
900248,Support,Senior,Onsite,Married,25,65555.37,12,1.0,2,12,5,1,17,1,3,1,0
900249,Marketing,Junior,Hybrid,Single,46,53017.72,12,6.7,3,15,2,7,18,5,6,1,1
900250,Sales,Mid,Hybrid,Single,58,59893.33,4,2.49,1,12,5,6,39,5,9,0,0
900251,Engineering,Mid,Remote,Married,22,55168.52,14,17.77,10,9,2,6,28,4,4,1,0
900252,Support,Mid,Remote,Married,24,59133.54,3,11.98,5,14,3,1,34,1,6,1,1
900253,Support,Junior,Hybrid,Divorced,26,45075.28,19,10.85,2,17,4,4,16,3,8,1,1
900254,Sales,Junior,Hybrid,Divorced,51,89346.32,11,2.43,10,17,2,5,22,1,2,1,1
900255,HR,Mid,Remote,Single,36,67443.84,6,2.5,6,24,4,6,22,4,6,0,0
900256,Support,Mid,Remote,Single,28,65708.48,12,25.38,10,20,1,3,44,1,2,1,1
900257,Marketing,Mid,Hybrid,Single,36,36334.1,15,10.48,4,17,5,6,5,2,8,0,0
900258,Engineering,Mid,Remote,Single,58,70828.81,14,15.26,2,16,5,7,11,3,9,0,0
900259,HR,Senior,Hybrid,Married,28,92752.63,8,8.54,4,15,5,7,14,4,9,0,0
900260,Engineering,Junior,Hybrid,Divorced,27,95352.23,10,6.32,7,21,4,2,43,2,4,1,0
900261,Engineering,Lead,Hybrid,Divorced,47,101372.04,0,6.8,1,16,3,4,22,5,9,1,0
900262,Engineering,Lead,Onsite,Divorced,55,52097.29,11,1.0,6,11,3,0,11,4,1,0,0
900263,Marketing,Junior,Onsite,Single,35,68082.52,5,4.39,1,8,2,4,37,3,4,1,1
900264,Sales,Junior,Hybrid,Single,33,45491.3,19,36.31,8,21,3,2,2,3,1,1,1
900265,HR,Junior,Hybrid,Divorced,55,18261.71,15,1.62,10,15,5,8,21,4,7,1,0
900266,Support,Mid,Onsite,Single,45,58960.33,24,6.24,6,18,5,4,24,5,7,1,1
900267,Support,Lead,Hybrid,Married,30,84819.16,4,1.0,9,13,4,2,43,1,1,0,0
900268,Marketing,Junior,Hybrid,Single,42,86493.19,2,55.34,10,18,4,6,23,3,3,0,1
900269,Marketing,Junior,Hybrid,Single,34,69627.12,18,22.64,11,18,1,5,34,3,9,1,0
900270,Sales,Junior,Onsite,Married,23,100562.18,18,9.63,1,17,4,1,21,5,8,1,0
900271,Engineering,Mid,Remote,Married,52,88199.68,3,16.46,10,16,1,2,4,1,2,1,0
900272,Sales,Lead,Remote,Married,59,18000.0,4,1.0,4,14,2,3,4,4,2,1,0
900273,Support,Mid,Remote,Single,35,85181.03,13,8.93,2,16,1,4,24,3,2,0,0
900274,Engineering,Mid,Hybrid,Married,40,95962.55,21,1.0,8,13,3,0,1,4,4,0,0
900275,HR,Senior,Hybrid,Married,33,65422.01,23,18.44,11,15,3,5,24,1,3,1,0
900276,Marketing,Junior,Hybrid,Divorced,50,71861.03,19,14.47,11,17,4,8,32,5,5,1,1
900277,Sales,Mid,Hybrid,Married,51,49560.87,7,31.28,11,14,1,0,30,2,3,1,1
900278,Engineering,Senior,Remote,Single,24,95963.45,0,13.67,8,16,2,8,1,4,8,1,0
900279,Marketing,Mid,Remote,Divorced,25,96308.6,8,1.04,6,11,4,4,11,4,6,0,0
900280,HR,Senior,Hybrid,Single,26,100434.48,7,10.29,6,12,1,3,2,4,9,0,0
900281,Engineering,Junior,Hybrid,Married,53,37179.38,15,20.46,4,21,4,9,4,3,9,0,1
900282,Sales,Mid,Hybrid,Single,21,63809.07,4,2.09,9,20,3,4,23,1,1,0,1
900283,Support,Senior,Remote,Single,30,102994.67,15,22.71,2,15,4,7,9,4,3,0,0
900284,Marketing,Junior,Remote,Married,26,69120.27,0,5.1,5,26,3,9,4,4,7,1,0
900285,Sales,Lead,Onsite,Married,40,35029.04,24,8.46,1,15,4,1,32,4,5,1,0
900286,Engineering,Senior,Onsite,Single,37,53132.86,16,10.81,5,15,3,2,38,2,6,1,0
900287,Sales,Senior,Onsite,Single,22,63850.46,3,10.1,1,15,3,0,20,5,7,0,0
900288,Support,Lead,Hybrid,Single,35,114258.76,16,3.32,5,11,1,8,33,5,3,1,0
900289,Marketing,Junior,Onsite,Married,35,103798.44,13,5.91,7,15,2,8,23,5,1,0,0
900290,Sales,Junior,Hybrid,Married,59,74157.75,16,5.2,10,10,2,6,24,4,6,1,0
900291,Sales,Mid,Onsite,Married,33,28860.97,10,7.14,6,17,2,1,1,2,9,1,0
900292,Marketing,Junior,Remote,Married,33,98713.36,24,18.69,7,11,1,6,16,5,2,0,0
900293,Engineering,Senior,Onsite,Married,26,68699.68,20,3.91,9,16,5,7,31,5,6,1,0
900294,Support,Senior,Remote,Single,50,74044.03,6,4.28,11,13,3,8,12,2,1,0,0
900295,Sales,Senior,Hybrid,Divorced,47,80909.07,1,1.62,7,10,4,4,27,5,8,1,0
900296,Engineering,Mid,Onsite,Single,41,81526.73,4,29.66,5,14,4,6,5,5,6,0,0
900297,Engineering,Mid,Remote,Single,34,40533.37,6,22.33,8,21,5,3,40,3,3,1,0
900298,Support,Junior,Hybrid,Married,23,69234.85,8,13.47,4,14,3,5,31,2,8,0,0
900299,Support,Mid,Remote,Divorced,41,66250.03,22,1.0,6,12,5,3,42,5,5,1,0
900300,Engineering,Junior,Onsite,Married,51,73019.01,18,22.96,9,16,1,3,5,3,1,1,0
900301,Engineering,Junior,Hybrid,Single,30,20632.58,16,6.27,1,14,4,4,44,2,7,1,0
900302,Engineering,Senior,Hybrid,Married,59,54864.55,2,1.0,2,15,2,9,24,5,1,0,0
900303,Support,Junior,Hybrid,Married,28,68908.2,18,13.31,9,18,1,7,37,1,2,1,0
900304,Support,Junior,Hybrid,Married,41,49128.26,15,3.13,3,15,1,6,32,1,6,1,0
900305,Engineering,Senior,Remote,Single,26,97196.81,23,15.84,4,18,3,7,25,5,4,0,1
900306,Sales,Senior,Hybrid,Single,45,77241.28,19,5.54,2,21,2,4,29,5,6,0,0
900307,Sales,Lead,Hybrid,Single,58,18000.0,9,18.85,1,15,3,0,17,5,9,1,1
900308,Engineering,Junior,Onsite,Single,49,113783.45,16,14.15,10,4,1,6,10,1,2,1,1
900309,Marketing,Mid,Onsite,Married,32,75702.99,7,4.35,10,17,4,5,32,3,5,0,0
900310,Sales,Junior,Remote,Single,22,94048.23,2,2.41,2,12,5,5,24,2,5,0,1
900311,Engineering,Mid,Onsite,Single,46,98164.29,15,1.0,3,8,5,4,7,5,8,1,0
900312,Sales,Mid,Onsite,Married,34,120995.62,7,19.02,2,12,1,5,23,4,2,0,1
900313,Support,Junior,Onsite,Married,58,101479.7,7,8.2,4,16,3,9,11,5,3,0,0
900314,Support,Senior,Onsite,Single,29,61329.06,1,5.14,8,13,3,9,30,5,2,0,1
900315,Engineering,Senior,Remote,Married,49,49794.92,1,28.6,2,17,2,7,38,3,3,1,1
900316,HR,Senior,Remote,Married,36,65376.24,2,3.75,6,5,2,8,23,5,9,0,0
900317,Sales,Mid,Hybrid,Single,51,63329.62,11,53.45,10,15,3,2,24,5,7,1,1
900318,Engineering,Junior,Onsite,Single,36,80198.6,22,2.87,8,15,3,0,37,3,9,1,1
900319,HR,Senior,Onsite,Married,21,65750.01,12,1.0,1,12,1,0,43,5,6,1,0
900320,Engineering,Junior,Onsite,Divorced,58,121843.83,6,7.5,3,20,1,3,19,3,4,0,0
900321,Sales,Mid,Hybrid,Single,39,70719.44,3,1.43,3,20,3,6,20,4,8,1,0
900322,Sales,Junior,Remote,Single,45,46694.0,24,4.3,3,21,1,0,43,4,2,0,0
900323,Engineering,Senior,Onsite,Married,37,80753.11,15,10.56,6,15,3,1,19,1,8,1,0
900324,Marketing,Senior,Hybrid,Single,45,18000.0,11,14.55,1,14,5,7,36,4,9,0,0
900325,Sales,Junior,Hybrid,Married,53,36302.03,13,5.36,6,13,4,2,41,5,1,1,1
900326,Support,Junior,Hybrid,Married,28,84727.35,18,9.62,6,12,1,1,35,1,2,0,0
900327,Sales,Senior,Remote,Single,57,69995.52,15,2.84,8,15,4,2,6,4,4,1,0
900328,Engineering,Mid,Remote,Married,22,114147.08,1,5.15,8,15,4,9,4,1,1,1,0
900329,Engineering,Junior,Hybrid,Married,25,96202.73,15,2.61,4,17,2,3,11,5,1,0,0
900330,Sales,Junior,Onsite,Single,24,59276.84,20,1.0,3,12,2,8,8,5,2,0,0
900331,Engineering,Mid,Hybrid,Single,23,36417.69,22,13.64,9,22,4,4,13,2,1,1,1
900332,Support,Junior,Hybrid,Married,36,43517.81,15,9.78,11,18,3,7,5,2,3,0,0
900333,Sales,Junior,Onsite,Single,22,24932.8,15,16.68,2,10,3,3,39,2,1,1,1
900334,Sales,Senior,Hybrid,Married,33,40111.02,19,4.42,1,17,4,7,29,5,8,1,1
900335,Sales,Lead,Onsite,Single,30,56659.04,24,7.38,4,14,4,9,40,3,2,0,0
900336,Marketing,Senior,Onsite,Married,41,82400.32,9,2.35,9,15,2,0,9,1,7,1,0
900337,Engineering,Junior,Onsite,Married,41,82857.36,17,2.4,2,12,3,2,18,3,8,0,0
900338,Engineering,Mid,Onsite,Married,34,88772.67,5,1.0,5,9,5,6,19,2,4,1,0
900339,Engineering,Junior,Onsite,Single,31,47873.75,19,37.42,7,13,2,9,10,4,9,0,0
900340,Engineering,Mid,Hybrid,Married,51,69292.76,7,4.82,4,19,5,1,41,2,5,1,0
900341,Support,Junior,Onsite,Single,56,64812.89,16,3.72,2,14,2,9,2,2,4,0,1
900342,Marketing,Junior,Onsite,Single,57,112811.14,3,28.24,3,16,5,6,6,2,6,1,0
900343,Marketing,Junior,Onsite,Single,50,74606.2,2,1.83,4,16,3,4,18,4,9,0,1
900344,Sales,Senior,Onsite,Single,22,53624.48,15,3.87,2,10,1,0,38,5,3,1,0
900345,Sales,Junior,Hybrid,Single,49,82596.54,7,1.3,4,24,5,8,28,5,7,0,0
900346,Marketing,Mid,Remote,Single,25,87865.12,21,14.72,7,7,1,5,7,5,6,0,0
900347,Engineering,Senior,Hybrid,Single,43,66471.21,2,9.01,2,19,1,3,43,3,3,1,0
900348,HR,Mid,Hybrid,Single,47,103438.38,2,4.89,11,15,2,4,30,5,4,0,0
900349,Support,Lead,Hybrid,Single,51,78391.34,5,3.12,4,17,1,9,6,1,2,0,1
900350,Engineering,Mid,Onsite,Married,42,101044.83,17,8.66,5,13,2,1,42,2,1,0,0
900351,Support,Junior,Hybrid,Divorced,53,55144.9,8,14.7,3,10,5,3,41,4,4,0,1
900352,Marketing,Senior,Onsite,Married,30,102907.54,17,22.89,10,20,5,2,16,5,2,0,0
900353,Sales,Lead,Hybrid,Single,27,39964.65,11,5.09,10,13,2,7,5,3,9,1,0
900354,Engineering,Junior,Hybrid,Single,46,114610.7,13,1.0,11,15,2,6,18,4,8,0,0
900355,Support,Lead,Hybrid,Single,57,74326.88,12,7.94,4,21,2,3,21,3,3,1,0
900356,Engineering,Junior,Hybrid,Single,21,79361.62,3,4.7,4,18,5,6,20,4,3,0,0
900357,HR,Senior,Onsite,Single,49,45911.21,24,8.67,1,14,1,5,15,5,3,1,0
900358,Support,Junior,Hybrid,Single,37,54434.62,7,16.71,5,17,5,0,24,3,4,1,0
900359,HR,Junior,Onsite,Single,33,60424.74,18,1.18,1,16,3,1,24,1,6,0,0
900360,Marketing,Senior,Onsite,Divorced,40,58447.74,2,24.48,5,12,4,4,38,1,7,0,0
900361,Support,Mid,Onsite,Single,28,85973.91,3,1.0,2,17,4,4,8,2,3,1,0
900362,Sales,Junior,Hybrid,Divorced,34,65873.1,0,1.0,9,14,4,5,13,3,5,0,0
900363,Marketing,Senior,Hybrid,Married,30,91823.71,11,6.23,6,20,1,0,11,1,1,1,0
900364,Engineering,Junior,Remote,Married,48,103113.15,20,3.79,4,17,5,0,11,4,1,1,0
900365,HR,Mid,Hybrid,Divorced,44,55892.42,12,4.25,7,12,3,3,5,3,9,0,1
900366,Sales,Junior,Onsite,Single,45,45507.88,12,30.36,5,18,1,5,34,1,6,1,1
900367,Engineering,Senior,Hybrid,Married,38,109276.31,15,1.1,10,12,5,4,44,1,4,0,0
900368,Sales,Mid,Hybrid,Single,35,81642.34,21,3.72,7,12,4,9,17,2,6,0,1
900369,HR,Junior,Remote,Married,32,70741.32,11,2.67,7,10,5,9,40,1,9,1,0
900370,Support,Mid,Hybrid,Married,35,103800.77,23,1.0,2,10,2,7,40,5,8,1,0
900371,Engineering,Junior,Onsite,Single,48,44524.45,19,7.72,3,29,2,6,5,1,3,0,1
900372,Support,Senior,Hybrid,Single,59,128405.47,11,49.33,1,10,5,8,14,5,7,1,0
900373,Marketing,Senior,Onsite,Married,35,68624.27,5,8.97,7,11,1,1,44,5,6,1,0
900374,Marketing,Senior,Remote,Single,41,27309.83,9,3.81,3,17,2,8,41,3,3,0,0
900375,Engineering,Junior,Remote,Single,29,73682.42,9,5.39,10,23,5,1,6,2,5,1,0
900376,Sales,Lead,Onsite,Divorced,29,63335.16,12,1.0,3,13,1,5,17,5,8,0,0
900377,Marketing,Junior,Hybrid,Single,27,56228.48,18,15.5,3,14,5,3,39,1,5,1,1
900378,Engineering,Mid,Onsite,Divorced,54,62741.45,14,11.45,1,18,5,2,36,4,9,1,0
900379,Engineering,Senior,Hybrid,Single,44,35278.03,13,18.49,9,14,3,9,19,5,6,0,0
900380,Marketing,Senior,Onsite,Single,55,66719.83,20,1.0,2,16,5,6,6,3,4,0,0
900381,Engineering,Mid,Hybrid,Divorced,25,38553.96,4,19.97,8,16,2,2,20,2,3,0,0
900382,Marketing,Mid,Onsite,Single,39,75230.42,7,26.57,7,18,2,3,30,5,4,0,1
900383,Support,Junior,Remote,Single,49,18000.0,2,2.88,10,14,2,4,23,2,6,0,1
900384,Marketing,Junior,Hybrid,Single,53,108943.02,1,17.44,2,9,4,2,39,3,2,0,0
900385,Sales,Mid,Remote,Single,42,54168.05,10,2.44,4,22,2,8,20,4,8,1,0
900386,HR,Mid,Hybrid,Married,48,46430.41,12,2.12,11,13,5,1,31,3,9,0,0
900387,Support,Mid,Hybrid,Single,45,98515.7,23,5.1,5,15,1,7,15,2,9,0,0
900388,Support,Junior,Hybrid,Single,29,76006.36,7,5.38,2,16,2,4,21,2,5,1,0
900389,Engineering,Senior,Onsite,Single,30,75649.99,19,23.4,9,9,2,6,3,2,7,0,0
900390,HR,Mid,Hybrid,Single,42,39722.31,2,5.31,7,13,5,9,3,5,3,1,0
900391,Engineering,Senior,Hybrid,Married,43,58786.52,1,3.05,4,15,5,6,28,1,9,0,0
900392,Engineering,Senior,Remote,Single,44,68273.34,11,10.96,2,14,4,0,1,1,6,0,0
900393,HR,Lead,Onsite,Divorced,34,86424.71,19,10.23,7,17,3,5,41,3,2,0,0
900394,Sales,Junior,Onsite,Single,33,63165.11,1,12.0,5,16,1,6,6,4,8,0,1
900395,Engineering,Junior,Hybrid,Married,52,59227.94,11,9.38,11,14,1,7,20,4,3,0,0
900396,Sales,Junior,Onsite,Single,23,92196.39,13,1.96,7,19,5,2,13,3,5,1,0
900397,Engineering,Senior,Hybrid,Married,51,30635.6,7,23.61,5,11,2,7,1,4,6,1,0
900398,Engineering,Mid,Onsite,Single,48,62192.8,4,12.05,10,17,1,9,20,2,7,1,0
900399,Sales,Senior,Onsite,Single,58,64294.35,20,2.86,6,16,1,2,43,2,7,0,1
900400,Sales,Mid,Onsite,Single,57,74475.83,22,3.59,3,10,5,7,25,5,2,0,0
900401,Engineering,Senior,Hybrid,Married,46,90086.09,2,5.83,7,15,4,6,9,5,8,1,0
900402,Sales,Senior,Onsite,Single,37,82116.4,13,6.18,6,15,2,6,11,4,1,0,1
900403,Marketing,Mid,Hybrid,Single,44,30160.4,9,6.41,1,19,2,2,40,5,3,0,0
900404,Sales,Junior,Hybrid,Single,39,64378.72,13,5.32,6,7,2,4,38,4,3,0,1
900405,HR,Mid,Onsite,Single,32,52140.85,9,6.08,7,20,2,3,20,3,8,0,1
900406,Engineering,Senior,Onsite,Single,48,28060.42,20,10.11,3,19,3,0,19,1,4,1,0
900407,Engineering,Senior,Hybrid,Single,21,70613.0,7,19.66,5,13,4,2,14,1,1,1,0
900408,Engineering,Junior,Remote,Divorced,38,60260.14,24,8.82,5,18,2,0,5,2,4,0,1
900409,Engineering,Lead,Remote,Single,32,107581.41,21,29.32,10,10,1,8,10,1,6,1,0
900410,Marketing,Lead,Hybrid,Single,57,80099.12,11,15.04,2,17,1,6,43,4,1,0,0
900411,Marketing,Senior,Hybrid,Single,44,65487.07,16,6.63,5,19,1,6,19,1,9,0,0
900412,Support,Senior,Remote,Married,43,73375.11,18,13.02,11,13,3,7,12,4,8,1,0
900413,Sales,Senior,Hybrid,Single,35,26356.12,24,1.74,8,17,4,7,19,1,8,1,0
900414,Engineering,Junior,Hybrid,Single,45,78141.41,8,1.12,1,9,1,9,25,4,5,1,1
900415,Marketing,Mid,Remote,Married,58,77142.91,15,11.15,11,10,2,8,44,1,9,1,1
900416,Support,Senior,Hybrid,Single,34,90467.38,10,1.63,2,9,1,9,12,2,7,0,0
900417,Sales,Senior,Hybrid,Single,31,65012.06,0,1.31,10,11,3,6,25,4,3,1,0
900418,Support,Junior,Hybrid,Married,50,46713.54,6,3.59,1,14,3,1,16,1,5,1,1
900419,HR,Senior,Onsite,Married,31,30280.95,6,2.66,3,14,5,0,25,5,1,0,0
900420,Marketing,Lead,Remote,Married,25,83277.48,4,16.04,4,11,3,5,18,2,5,0,0
900421,Engineering,Senior,Onsite,Married,29,27600.82,19,4.19,3,15,3,3,11,5,9,1,1
900422,Engineering,Senior,Onsite,Married,56,79373.22,14,32.45,3,10,3,2,29,5,7,1,0
900423,Support,Junior,Hybrid,Married,31,62022.7,8,3.75,10,13,4,3,33,3,1,0,0
900424,Marketing,Junior,Hybrid,Married,54,72498.14,3,6.23,3,21,1,1,38,2,5,1,0
900425,Engineering,Senior,Remote,Married,26,110467.57,20,1.0,10,17,3,8,13,1,3,1,0
900426,Sales,Mid,Onsite,Divorced,56,52149.47,1,11.28,10,13,1,6,4,2,3,1,0
900427,Engineering,Senior,Remote,Married,56,79603.27,4,37.48,11,20,4,5,11,5,5,0,0
900428,Sales,Senior,Hybrid,Divorced,37,102094.21,9,25.46,7,20,3,8,18,1,1,1,1
900429,HR,Lead,Hybrid,Married,48,62767.46,11,24.47,4,14,2,4,12,5,5,0,0
900430,Engineering,Mid,Remote,Single,56,45485.43,9,11.35,2,13,3,0,18,1,5,1,1
900431,Marketing,Mid,Onsite,Divorced,26,58455.78,4,11.88,10,14,5,8,38,5,3,1,0
900432,Engineering,Mid,Onsite,Single,38,96375.54,3,29.08,1,7,4,0,21,5,6,0,0
900433,Engineering,Mid,Hybrid,Married,26,111283.41,2,10.42,10,30,1,4,11,1,7,1,1
900434,Engineering,Junior,Onsite,Married,32,118268.79,15,15.38,7,12,3,7,31,5,3,1,1
900435,Engineering,Junior,Hybrid,Married,27,72192.98,2,17.98,6,12,1,6,21,2,3,0,1
900436,Support,Junior,Onsite,Single,44,30454.03,24,3.13,1,18,5,8,28,2,8,0,1
900437,Support,Senior,Hybrid,Divorced,48,18000.0,2,2.47,9,16,3,9,37,3,5,0,1
900438,Sales,Mid,Onsite,Married,55,70378.05,22,5.96,6,17,5,5,16,4,2,1,0
900439,Engineering,Junior,Remote,Divorced,21,31466.87,4,2.2,7,17,5,1,13,5,5,1,0
900440,Engineering,Senior,Onsite,Single,52,63253.1,1,3.66,11,17,1,5,42,4,9,0,0
900441,Support,Mid,Onsite,Divorced,30,49640.93,7,1.45,1,16,1,6,43,1,1,0,1
900442,Sales,Junior,Onsite,Single,47,70831.97,23,1.86,2,20,2,2,10,5,7,1,1
900443,Support,Junior,Onsite,Divorced,33,62849.98,13,12.14,11,14,2,2,14,2,8,1,1
900444,Sales,Junior,Onsite,Single,25,70740.53,14,22.4,7,14,2,5,3,3,7,0,1
900445,Engineering,Senior,Onsite,Single,25,61246.17,20,2.46,8,17,3,1,6,3,2,1,0
900446,Sales,Senior,Hybrid,Single,40,46878.38,14,12.28,6,9,5,7,19,5,6,1,1
900447,Sales,Senior,Hybrid,Married,54,73267.77,2,11.4,5,23,3,6,2,3,9,0,1
900448,Sales,Senior,Onsite,Divorced,35,82206.31,15,13.09,3,11,4,8,23,2,6,1,1
900449,Sales,Lead,Hybrid,Divorced,40,51092.12,17,18.97,1,12,2,6,19,5,6,1,0
900450,Sales,Junior,Hybrid,Married,42,61255.01,3,21.26,10,19,5,0,5,4,9,0,1
900451,Engineering,Senior,Remote,Married,54,83302.28,23,2.61,7,16,3,5,9,2,8,1,0
900452,HR,Mid,Onsite,Single,35,56220.25,23,7.85,11,17,4,0,41,4,5,0,0
900453,Sales,Mid,Remote,Single,24,80923.46,20,4.69,10,19,2,3,9,5,8,0,1
900454,Engineering,Lead,Hybrid,Married,52,65859.13,12,2.2,3,21,4,4,23,5,8,0,0
900455,Engineering,Senior,Onsite,Divorced,45,68863.21,7,1.0,1,15,2,4,15,2,9,0,0
900456,HR,Junior,Onsite,Single,37,93529.45,20,1.0,10,14,1,3,14,1,9,1,1
900457,Engineering,Senior,Hybrid,Single,33,98556.36,12,4.21,2,12,2,4,41,5,8,1,0
900458,Marketing,Senior,Onsite,Single,30,79945.0,22,1.0,1,17,2,0,37,5,4,0,0
900459,Sales,Senior,Hybrid,Married,36,75240.28,8,14.69,1,13,4,7,12,1,8,1,1
900460,Marketing,Junior,Hybrid,Single,25,62511.29,21,4.17,4,15,5,3,10,1,8,0,0
900461,Support,Lead,Hybrid,Married,56,72062.66,19,4.67,2,15,2,5,31,3,4,0,0
900462,Support,Senior,Hybrid,Married,48,61734.07,0,9.84,1,12,5,7,20,1,2,0,0
900463,Sales,Mid,Onsite,Single,23,79385.07,17,6.41,7,12,1,5,39,5,8,1,1
900464,HR,Mid,Remote,Married,56,108063.05,21,4.76,11,18,3,8,19,4,7,1,0
900465,Engineering,Junior,Onsite,Married,21,62288.5,0,5.74,5,23,1,4,38,5,8,1,0
900466,Support,Mid,Onsite,Single,24,50180.32,12,4.11,6,20,2,5,31,2,8,1,1
900467,Sales,Junior,Hybrid,Married,21,53679.01,18,9.07,4,13,5,3,43,3,5,1,0
900468,Engineering,Senior,Onsite,Married,45,93837.55,20,3.33,11,15,3,2,31,2,2,0,0
900469,Sales,Mid,Onsite,Married,43,76261.12,21,2.45,6,16,4,4,35,1,1,0,0
900470,Engineering,Mid,Remote,Married,39,95157.33,11,9.56,5,17,4,5,26,5,8,0,0
900471,Support,Senior,Onsite,Single,37,37576.18,15,8.72,10,8,3,1,9,3,9,1,1
900472,Engineering,Junior,Hybrid,Single,34,29144.43,14,17.19,5,14,4,3,22,5,3,0,1
900473,Engineering,Senior,Onsite,Married,42,56263.22,12,20.4,7,8,4,4,10,4,8,0,1
900474,Support,Mid,Onsite,Single,55,75099.23,20,3.18,11,13,5,8,5,4,6,1,1
900475,Sales,Senior,Onsite,Divorced,50,35816.29,20,15.04,3,20,5,2,21,5,9,1,0
900476,Support,Junior,Remote,Divorced,59,71407.17,12,2.51,2,20,4,9,2,4,1,1,0
900477,Sales,Junior,Hybrid,Single,29,78027.77,8,13.08,2,11,1,9,30,5,4,0,1
900478,Engineering,Junior,Hybrid,Single,25,80027.84,3,31.6,4,15,5,2,1,2,7,0,0
900479,HR,Senior,Onsite,Married,21,83861.07,8,4.06,10,14,5,6,25,4,8,0,0
900480,Engineering,Junior,Onsite,Married,37,18000.0,6,8.18,10,10,3,6,12,1,6,0,0
900481,Support,Senior,Remote,Single,21,74931.89,8,25.77,9,6,4,1,26,2,2,0,0
900482,Engineering,Junior,Onsite,Single,41,52705.19,14,1.85,1,15,5,7,32,5,8,0,0
900483,Engineering,Senior,Onsite,Married,39,56170.18,15,2.28,10,16,1,4,17,1,3,1,1
900484,Engineering,Junior,Remote,Married,21,76917.11,3,9.72,10,15,5,3,17,4,5,0,0
900485,Support,Junior,Hybrid,Married,40,72340.85,7,3.79,1,15,4,7,27,2,5,0,0
900486,Engineering,Junior,Hybrid,Married,41,93984.87,0,8.32,5,21,5,1,39,2,3,0,0
900487,Marketing,Mid,Onsite,Divorced,57,48974.87,12,4.6,5,5,2,4,13,5,8,0,1
900488,Marketing,Senior,Remote,Single,36,45244.74,17,9.0,1,17,5,1,9,2,3,1,0
900489,Engineering,Junior,Hybrid,Single,30,45355.49,5,1.0,6,14,2,3,29,3,2,1,1
900490,Sales,Mid,Onsite,Married,46,30020.14,24,9.32,3,18,3,9,17,5,2,0,1
900491,Engineering,Senior,Onsite,Divorced,34,18000.0,10,2.2,4,14,2,3,36,4,7,0,1
900492,Support,Junior,Hybrid,Married,46,77834.77,14,1.0,7,17,3,2,19,5,8,1,0
900493,Engineering,Mid,Remote,Single,32,54724.8,17,1.5,6,18,1,2,3,4,1,1,0
900494,Sales,Senior,Onsite,Married,44,40430.89,12,2.81,10,14,3,0,13,5,8,0,0
900495,Marketing,Lead,Hybrid,Married,30,100606.27,9,9.02,7,12,4,3,18,3,9,1,0
900496,Engineering,Senior,Hybrid,Married,41,50385.46,14,4.61,5,13,5,1,9,3,7,0,0
900497,Sales,Mid,Remote,Married,26,20949.52,2,18.45,1,17,2,4,1,2,3,0,0
900498,Engineering,Mid,Onsite,Married,33,41857.88,0,18.06,11,18,5,0,1,2,2,1,0
900499,Engineering,Senior,Onsite,Single,33,58592.14,12,27.39,3,7,4,4,1,2,5,1,0
900500,Engineering,Lead,Onsite,Single,22,35842.71,16,1.52,4,15,1,7,3,2,9,0,0
900501,Engineering,Mid,Hybrid,Married,36,93230.14,23,6.98,7,18,3,8,2,2,3,1,0
900502,Sales,Junior,Hybrid,Divorced,52,82115.19,3,1.05,6,17,3,9,33,2,7,0,0
900503,Sales,Mid,Remote,Married,34,66888.75,5,4.78,5,19,2,1,14,2,8,0,0
900504,Sales,Mid,Hybrid,Married,58,20808.54,18,3.24,11,20,3,6,24,2,4,0,0
900505,Support,Mid,Hybrid,Single,24,100397.8,15,17.28,3,9,2,4,11,1,9,0,0
900506,Sales,Lead,Onsite,Married,42,43581.23,11,7.28,10,7,4,1,36,3,6,0,0
900507,Marketing,Mid,Onsite,Married,50,105806.15,17,2.3,10,12,3,7,21,4,3,0,0
900508,Engineering,Junior,Hybrid,Single,51,73634.53,1,8.66,8,15,2,6,33,3,2,1,0
900509,Engineering,Mid,Onsite,Married,25,61599.88,1,6.02,7,25,3,1,27,2,4,1,0
900510,HR,Senior,Onsite,Single,35,59514.22,22,2.18,8,13,1,2,37,5,9,0,1
900511,Engineering,Junior,Remote,Married,55,18000.0,24,7.08,3,19,2,3,22,5,5,0,1
900512,Engineering,Lead,Hybrid,Divorced,27,57151.32,8,7.19,5,16,1,6,3,2,8,1,0
900513,Engineering,Senior,Hybrid,Divorced,57,81167.64,2,3.52,9,11,5,3,37,2,8,1,0
900514,HR,Junior,Onsite,Married,58,59415.98,22,7.84,4,15,1,2,41,4,8,1,0
900515,Sales,Mid,Remote,Single,49,46483.93,15,1.0,4,18,2,7,28,4,9,0,0
900516,Sales,Mid,Onsite,Married,57,65452.38,22,7.74,8,14,3,8,38,1,4,0,0
900517,Sales,Mid,Onsite,Married,34,74776.43,14,6.6,3,16,5,8,6,4,9,1,0
900518,Engineering,Mid,Hybrid,Divorced,56,140447.64,7,23.25,9,12,2,3,19,4,6,1,0
900519,Engineering,Senior,Hybrid,Married,28,92397.46,8,3.95,3,16,3,7,9,3,7,0,0
900520,Marketing,Lead,Hybrid,Single,35,28119.02,0,8.7,7,17,5,1,24,2,5,1,0
900521,Sales,Junior,Onsite,Married,27,75783.71,15,7.5,7,10,4,1,8,3,5,0,0
900522,Engineering,Senior,Onsite,Divorced,35,33898.57,10,25.01,11,17,5,0,2,4,2,1,0
900523,Engineering,Mid,Onsite,Married,40,57048.02,17,14.32,5,15,3,1,41,3,4,0,0
900524,Marketing,Mid,Onsite,Married,39,34095.9,6,2.15,5,10,2,0,6,4,7,1,1
900525,Engineering,Junior,Remote,Single,23,79498.19,21,16.37,6,15,3,4,11,5,3,0,0
900526,Support,Junior,Remote,Single,47,47244.71,12,24.47,4,15,3,4,34,4,9,0,0
900527,Engineering,Junior,Onsite,Married,45,56610.01,4,5.49,10,9,1,3,22,1,5,1,0
900528,Support,Senior,Onsite,Married,43,72655.97,2,15.42,3,10,2,2,33,4,5,1,0
900529,Engineering,Mid,Onsite,Single,45,59530.64,12,1.0,9,14,2,6,35,4,4,1,0
900530,Sales,Mid,Hybrid,Single,34,93831.2,6,41.18,11,18,5,9,19,5,6,0,0
900531,Engineering,Senior,Remote,Married,56,104673.72,4,5.31,2,12,3,3,10,1,3,1,0
900532,HR,Senior,Hybrid,Single,21,65811.28,11,19.63,8,15,4,1,13,5,2,0,0
900533,Support,Lead,Hybrid,Married,38,73280.39,14,3.6,5,15,3,6,10,3,3,1,0
900534,Sales,Junior,Onsite,Single,22,67502.72,23,5.48,8,9,3,1,17,5,1,0,0
900535,Engineering,Mid,Remote,Single,49,39938.94,10,3.29,2,14,2,2,25,2,7,1,0
900536,Support,Senior,Onsite,Single,33,67582.02,8,14.02,9,18,3,0,44,3,6,1,1
900537,Marketing,Mid,Onsite,Single,27,89789.36,4,3.23,11,19,1,3,16,1,2,1,1
900538,Engineering,Senior,Onsite,Married,50,72655.08,4,11.84,10,23,1,4,12,1,5,1,0
900539,Engineering,Junior,Hybrid,Married,28,44936.97,18,1.79,6,19,3,9,27,4,8,0,0
900540,Support,Senior,Onsite,Single,38,18000.0,0,16.68,7,12,1,3,13,1,6,0,0
900541,Sales,Mid,Hybrid,Divorced,37,92952.9,5,3.58,11,19,5,8,37,3,5,1,0
900542,Sales,Senior,Hybrid,Single,59,96387.41,24,7.67,1,7,2,8,41,2,8,1,0
900543,Marketing,Junior,Onsite,Single,29,81416.52,5,20.67,10,11,4,7,35,1,4,1,1
900544,Engineering,Lead,Hybrid,Divorced,27,96418.85,17,3.31,9,17,4,9,44,3,2,1,0
900545,Sales,Mid,Onsite,Single,30,117550.3,20,10.83,3,11,2,4,14,1,7,0,0
900546,Support,Senior,Remote,Single,36,54218.37,12,12.72,10,15,2,1,32,4,2,0,1
900547,Support,Mid,Remote,Married,37,102943.22,17,6.04,8,15,1,0,44,1,7,1,0
900548,Support,Lead,Hybrid,Married,42,47930.98,8,7.32,8,17,1,9,31,4,7,0,0
900549,Marketing,Junior,Remote,Married,56,84639.37,15,1.65,5,17,4,3,34,4,3,0,0
900550,Engineering,Senior,Onsite,Married,28,18001.49,0,5.08,4,15,2,7,11,3,1,0,1
900551,HR,Junior,Remote,Divorced,39,18000.0,12,1.0,10,12,3,3,30,3,5,1,0
900552,Marketing,Mid,Hybrid,Married,58,90306.03,24,4.88,5,16,5,1,14,5,9,1,1
900553,Marketing,Junior,Hybrid,Married,33,62686.81,24,19.65,5,24,3,2,26,4,5,1,1
900554,Marketing,Mid,Onsite,Married,56,73208.55,4,16.26,2,20,3,1,29,4,8,1,1
900555,Support,Junior,Onsite,Divorced,34,93695.06,16,2.95,8,20,2,2,11,2,7,0,1
900556,HR,Junior,Onsite,Single,33,59960.6,12,15.28,4,14,3,0,6,2,3,1,0
900557,Support,Senior,Hybrid,Married,24,95967.88,0,9.39,5,20,4,2,29,3,1,1,0
900558,Marketing,Mid,Onsite,Single,33,85889.71,2,15.8,6,17,4,2,22,5,2,0,0
900559,Marketing,Mid,Onsite,Single,48,60147.72,15,3.91,1,15,3,6,15,2,2,0,0
900560,Engineering,Mid,Onsite,Married,59,66722.3,21,3.34,8,22,1,2,30,3,7,0,0
900561,Engineering,Mid,Hybrid,Married,24,69009.1,5,17.39,5,11,2,8,3,4,5,0,0
900562,HR,Senior,Remote,Divorced,46,39702.88,6,2.99,9,13,2,8,26,1,3,1,0
900563,Marketing,Junior,Onsite,Single,28,64063.48,11,47.19,8,15,3,8,7,5,7,0,1
900564,Support,Junior,Onsite,Married,31,46641.11,10,22.34,4,9,3,2,29,1,9,0,1
900565,HR,Junior,Hybrid,Married,31,89050.77,7,1.0,2,20,5,5,5,2,9,1,1
900566,Engineering,Mid,Hybrid,Married,33,54038.21,9,4.55,7,10,5,3,24,4,3,0,0
900567,Support,Junior,Onsite,Single,41,114712.8,7,3.02,8,14,2,8,18,2,9,1,1
900568,HR,Senior,Onsite,Married,56,24497.28,16,12.63,3,18,3,7,16,2,1,1,1
900569,Support,Mid,Onsite,Married,47,65242.34,15,3.5,9,16,4,6,44,4,3,0,0
900570,HR,Junior,Hybrid,Divorced,53,74177.63,16,1.42,4,9,1,2,38,2,4,0,1
900571,Support,Lead,Remote,Married,32,51767.98,2,9.07,11,16,3,1,21,1,7,1,1
900572,Sales,Mid,Hybrid,Married,26,75927.72,8,7.95,4,14,4,5,10,4,2,0,0
900573,Engineering,Mid,Hybrid,Married,59,57203.04,22,1.99,10,17,5,0,40,1,8,0,0
900574,Sales,Senior,Hybrid,Single,35,62014.89,20,3.41,8,15,5,2,41,2,6,1,0
900575,Engineering,Mid,Onsite,Single,28,29970.09,22,44.53,10,13,5,0,6,2,3,1,0
900576,Engineering,Lead,Hybrid,Single,38,49651.74,0,1.0,4,11,2,8,9,4,4,1,0
900577,Engineering,Junior,Onsite,Single,51,32809.07,16,1.52,6,19,5,9,36,4,5,0,0
900578,Engineering,Mid,Onsite,Married,35,66051.4,7,13.18,7,19,5,7,29,4,5,1,0
900579,Support,Mid,Onsite,Married,22,111027.8,23,1.2,4,7,1,8,1,2,3,0,0
900580,Support,Junior,Hybrid,Single,32,49267.63,9,8.79,9,18,4,2,19,1,1,0,1
900581,Support,Lead,Hybrid,Single,42,18000.0,11,6.37,6,14,5,6,34,3,4,0,0
900582,Engineering,Senior,Remote,Divorced,37,93999.72,15,17.73,9,20,1,5,44,3,9,0,0
900583,HR,Junior,Hybrid,Married,30,63326.6,8,17.2,6,15,2,7,9,2,3,1,0
900584,Sales,Lead,Onsite,Single,39,38005.81,23,1.06,9,8,4,3,32,4,6,0,1
900585,Marketing,Junior,Hybrid,Married,33,72660.82,11,6.46,11,17,1,0,6,4,7,1,0
900586,Support,Mid,Onsite,Single,23,94292.91,24,1.93,6,11,4,8,28,1,1,0,0
900587,Sales,Senior,Onsite,Divorced,57,79923.29,9,1.28,8,11,4,1,22,2,1,1,0
900588,Sales,Mid,Hybrid,Single,53,34072.95,23,1.45,3,18,1,2,4,4,8,1,1
900589,Marketing,Mid,Onsite,Married,37,34384.25,15,4.18,8,20,3,9,10,1,1,1,0
900590,Sales,Mid,Onsite,Divorced,59,53101.62,12,3.81,11,15,5,9,36,3,7,0,0
900591,Marketing,Mid,Onsite,Married,24,32586.95,3,10.87,10,16,5,0,21,4,2,1,0
900592,Sales,Junior,Remote,Single,35,71824.48,7,7.35,7,15,4,4,29,3,6,0,0
900593,Engineering,Senior,Hybrid,Single,30,68903.38,6,6.66,6,16,2,4,37,1,9,0,0
900594,Support,Mid,Hybrid,Married,55,90304.1,22,22.77,5,13,4,7,20,5,2,1,0
900595,Sales,Senior,Onsite,Single,44,100018.06,11,1.0,4,11,4,3,34,2,7,1,0
900596,Marketing,Junior,Onsite,Married,54,71294.98,3,1.0,10,21,5,5,28,1,7,0,0
900597,Engineering,Mid,Hybrid,Single,27,56639.62,6,2.05,10,16,5,0,21,4,5,1,0
900598,Sales,Junior,Hybrid,Married,49,61920.84,9,48.43,10,14,5,6,23,2,8,0,0
900599,Support,Senior,Hybrid,Married,53,47235.7,3,30.02,2,22,4,2,14,4,9,1,0
900600,Engineering,Mid,Hybrid,Single,41,90099.77,24,17.18,11,15,4,0,32,1,3,0,0
900601,Engineering,Mid,Hybrid,Married,36,51040.01,5,17.24,2,17,5,7,43,4,1,1,0
900602,Engineering,Senior,Hybrid,Married,23,93294.33,1,19.34,3,18,3,1,19,3,8,1,0
900603,Engineering,Senior,Remote,Single,47,46899.61,2,1.0,4,14,3,6,33,2,9,1,0
900604,HR,Junior,Onsite,Married,38,69704.68,11,1.31,7,11,5,9,7,3,4,1,1
900605,Engineering,Mid,Onsite,Divorced,25,66224.77,5,28.18,8,18,3,2,35,3,3,1,0
900606,HR,Junior,Hybrid,Single,43,89667.43,22,1.0,3,18,5,6,25,3,3,1,0
900607,Engineering,Lead,Hybrid,Single,28,23222.24,13,3.36,4,23,2,9,12,3,7,1,1
900608,HR,Lead,Onsite,Single,57,54706.78,11,10.63,1,12,3,8,39,2,1,1,0
900609,Sales,Junior,Hybrid,Married,26,95433.01,0,9.55,11,14,1,1,30,1,3,0,0
900610,Marketing,Mid,Remote,Married,25,18000.0,11,8.63,6,15,2,5,11,5,2,1,1
900611,Support,Junior,Hybrid,Married,46,35886.52,0,11.63,9,9,3,8,41,1,5,1,0
900612,Engineering,Senior,Onsite,Single,42,38773.78,23,16.87,1,16,3,6,33,4,7,1,0
900613,Support,Junior,Hybrid,Married,34,74842.46,3,3.64,10,15,4,4,15,5,1,0,1
900614,Marketing,Mid,Onsite,Married,58,73105.34,4,1.9,10,13,1,6,3,3,2,0,0
900615,HR,Junior,Hybrid,Single,23,66045.79,7,3.87,3,21,2,1,23,5,9,0,0
900616,Engineering,Senior,Onsite,Married,37,18000.0,21,22.49,11,15,4,7,14,1,1,1,0
900617,Sales,Junior,Onsite,Single,27,57553.84,15,1.0,3,19,1,3,38,3,6,1,1
900618,Support,Mid,Onsite,Single,55,45998.05,18,2.7,11,19,4,4,35,2,5,0,0
900619,Marketing,Senior,Onsite,Single,52,52492.95,10,1.71,6,12,2,1,37,2,8,0,0
900620,Sales,Junior,Hybrid,Single,30,63217.81,13,7.8,7,12,4,6,10,5,7,1,1
900621,Engineering,Senior,Hybrid,Single,41,88454.27,5,2.14,10,15,1,6,35,5,8,0,0
900622,Marketing,Junior,Hybrid,Married,44,49940.05,22,9.86,11,25,1,8,37,3,3,0,0
900623,Engineering,Senior,Onsite,Married,44,101052.93,13,8.71,11,13,5,8,6,1,5,1,0
900624,Support,Mid,Onsite,Married,25,69863.9,9,4.63,5,10,3,8,9,4,7,0,0
900625,Engineering,Senior,Hybrid,Married,36,63104.87,22,19.6,5,10,5,6,2,3,2,0,0
900626,Sales,Junior,Onsite,Married,33,43187.04,21,13.95,4,16,1,8,28,2,7,1,1
900627,Support,Lead,Hybrid,Single,28,84932.58,5,33.6,9,21,1,0,6,3,7,0,0
900628,Engineering,Mid,Hybrid,Married,29,77079.2,0,8.79,11,12,3,5,44,4,1,0,0
900629,Engineering,Mid,Hybrid,Single,54,60692.88,16,10.89,3,20,5,3,19,1,2,1,0
900630,HR,Senior,Onsite,Divorced,53,73070.11,12,6.55,11,16,2,8,35,5,5,1,0
900631,Support,Senior,Onsite,Divorced,21,116097.25,4,1.71,3,13,4,6,26,1,8,0,0
900632,Marketing,Junior,Onsite,Married,37,64464.25,23,14.4,8,8,4,7,27,5,1,1,1
900633,Sales,Mid,Remote,Married,40,88227.09,7,1.0,8,12,5,7,1,4,4,0,0
900634,Engineering,Junior,Remote,Single,52,83395.7,3,8.6,6,15,3,0,23,4,7,1,1
900635,HR,Junior,Remote,Single,43,18000.0,7,13.69,11,17,2,9,6,1,6,1,1
900636,Engineering,Junior,Remote,Divorced,31,52161.72,9,11.96,5,12,1,8,31,5,2,0,0
900637,Support,Lead,Hybrid,Single,48,18000.0,12,1.46,10,12,4,7,7,3,3,0,1
900638,Support,Mid,Hybrid,Married,26,63184.82,8,1.59,6,14,3,5,26,1,7,1,0
900639,Sales,Senior,Onsite,Married,48,58129.4,17,17.28,1,13,3,0,22,2,1,1,0
900640,Support,Junior,Onsite,Single,37,87173.77,13,7.04,7,14,2,7,17,4,6,1,0
900641,Support,Mid,Hybrid,Single,38,51420.35,19,9.6,10,14,4,6,15,4,1,0,0
900642,Support,Mid,Onsite,Single,55,101517.58,19,15.11,3,25,5,0,43,2,9,1,0
900643,Engineering,Senior,Hybrid,Single,42,80225.83,14,1.2,10,13,1,8,35,4,1,0,1
900644,Sales,Senior,Onsite,Single,54,48736.01,23,15.66,2,17,2,9,29,1,8,1,1
900645,Marketing,Junior,Onsite,Single,42,32013.78,0,44.38,7,16,1,6,29,2,6,0,1
900646,Marketing,Senior,Onsite,Married,49,84054.28,12,7.55,4,13,1,9,8,2,5,1,0
900647,Engineering,Senior,Onsite,Single,30,71368.63,1,14.83,11,11,3,7,37,2,5,1,0
900648,Engineering,Junior,Onsite,Single,56,69723.01,13,8.12,6,19,5,4,3,4,7,0,0
900649,Sales,Senior,Onsite,Married,53,18000.0,0,3.88,6,18,2,9,35,2,6,0,1
900650,Marketing,Lead,Hybrid,Single,38,70534.06,8,4.72,5,19,5,8,43,2,6,0,0
900651,Sales,Senior,Remote,Married,22,76121.88,10,1.17,3,18,1,3,37,2,5,1,1
900652,Sales,Senior,Hybrid,Single,46,54061.91,19,7.37,10,7,3,6,14,3,1,0,0
900653,HR,Lead,Hybrid,Single,54,118783.11,9,5.11,4,16,4,9,18,2,8,0,0
900654,Sales,Senior,Remote,Married,33,53937.86,21,3.14,3,16,3,0,40,1,2,1,0
900655,Sales,Junior,Onsite,Married,36,108921.4,22,15.95,11,22,4,8,23,2,3,1,0
900656,Sales,Mid,Onsite,Married,57,56840.79,12,6.6,10,18,1,5,33,5,3,0,1
900657,Sales,Mid,Remote,Married,40,71825.52,18,1.3,3,8,3,2,36,3,6,0,0
900658,Engineering,Junior,Onsite,Married,29,61064.48,9,38.33,9,15,4,4,14,3,3,0,0
900659,Engineering,Junior,Onsite,Married,59,59084.87,7,10.83,9,24,3,2,41,5,6,1,1
900660,Support,Mid,Remote,Married,33,72886.17,16,1.64,4,13,5,5,33,2,4,1,0
900661,Marketing,Senior,Hybrid,Married,59,60693.7,8,13.74,11,20,5,4,43,5,8,0,1
900662,Engineering,Senior,Onsite,Married,56,82491.28,23,2.99,6,11,5,8,12,5,8,0,0
900663,Engineering,Junior,Onsite,Divorced,29,53736.09,10,3.96,1,18,4,7,21,4,8,1,1
900664,Support,Mid,Hybrid,Married,31,86666.14,7,11.42,3,11,5,6,26,1,6,1,0
900665,Sales,Junior,Hybrid,Divorced,40,83156.01,14,7.65,8,13,4,1,19,4,6,1,0
900666,Engineering,Senior,Onsite,Married,58,94991.31,21,3.94,4,10,1,7,36,2,3,1,0
900667,HR,Junior,Remote,Single,50,40671.56,11,1.0,1,17,3,3,34,2,4,0,0
900668,HR,Senior,Hybrid,Single,39,48338.13,23,20.64,9,13,4,0,23,2,7,1,0
900669,Engineering,Junior,Hybrid,Married,45,80671.4,3,9.8,5,15,4,8,12,2,8,1,1
900670,Sales,Senior,Onsite,Divorced,24,63728.03,8,10.1,11,15,2,6,19,4,8,0,1
900671,Engineering,Junior,Onsite,Married,27,52840.73,10,16.58,3,18,1,1,11,4,2,0,0
900672,Sales,Mid,Onsite,Divorced,45,36897.99,21,10.03,2,13,2,1,24,2,4,0,0
900673,Engineering,Lead,Onsite,Single,33,41941.93,20,13.39,5,15,3,8,9,4,3,0,0
900674,Sales,Senior,Onsite,Divorced,21,77269.53,5,1.22,3,12,2,6,26,2,6,1,1
900675,Engineering,Lead,Onsite,Single,21,64842.29,12,17.17,8,14,3,5,9,1,2,1,1
900676,Support,Junior,Hybrid,Single,58,76676.58,12,7.84,9,20,1,2,16,1,4,0,0
900677,Sales,Lead,Onsite,Single,38,56373.15,11,12.3,1,15,2,0,6,2,1,1,1
900678,Support,Mid,Hybrid,Single,56,93055.78,15,4.21,5,15,4,0,17,5,7,1,1
900679,Engineering,Junior,Hybrid,Single,29,75237.85,2,8.05,6,16,4,2,14,4,5,0,0
900680,Engineering,Junior,Hybrid,Married,29,102468.9,6,2.54,8,11,5,1,8,5,1,1,1
900681,HR,Junior,Onsite,Married,25,29004.49,24,21.94,1,26,5,6,13,5,3,0,1
900682,Sales,Senior,Onsite,Single,25,78298.02,16,3.3,7,11,5,0,4,5,1,0,0
900683,Marketing,Junior,Onsite,Single,43,58682.86,5,3.8,2,20,1,7,14,3,1,1,1
900684,Engineering,Lead,Remote,Divorced,57,65313.91,24,24.48,1,19,5,5,41,3,4,0,0
900685,Marketing,Junior,Hybrid,Married,54,66337.61,12,13.87,10,7,2,6,14,3,2,0,1
900686,Engineering,Mid,Hybrid,Married,55,87395.2,1,4.66,11,11,3,9,38,2,1,1,0
900687,Engineering,Mid,Remote,Married,42,71122.64,13,5.86,5,12,5,9,24,5,1,1,0
900688,HR,Lead,Hybrid,Single,54,21136.38,6,1.0,4,12,2,6,1,2,9,1,0
900689,Sales,Mid,Remote,Married,41,80546.87,9,1.77,2,14,1,7,12,2,5,0,0
900690,Sales,Senior,Remote,Married,55,51871.78,10,17.41,9,14,4,2,37,5,4,1,0
900691,Marketing,Mid,Onsite,Married,40,43994.52,14,32.99,11,12,3,9,19,1,8,0,1
900692,Engineering,Junior,Hybrid,Married,59,33468.33,10,9.65,6,17,1,2,33,5,9,0,0
900693,Support,Mid,Hybrid,Single,57,68429.49,19,2.98,4,22,3,4,9,1,9,0,0
900694,Engineering,Junior,Hybrid,Single,38,33845.41,24,1.78,1,19,3,9,8,3,3,1,1
900695,Sales,Lead,Remote,Divorced,24,39350.29,21,18.12,11,18,5,4,20,1,9,1,0
900696,Engineering,Senior,Onsite,Divorced,21,18000.0,6,10.71,9,15,3,3,8,4,2,1,0
900697,Engineering,Junior,Remote,Married,57,68761.53,4,8.99,3,18,5,8,33,4,7,0,1
900698,Support,Mid,Onsite,Single,51,68951.93,20,1.0,2,18,5,1,24,2,6,1,0
900699,HR,Junior,Hybrid,Married,44,62160.72,20,5.38,3,10,5,6,4,1,7,1,0
900700,Sales,Mid,Remote,Married,31,94544.51,23,5.98,11,9,4,3,5,5,1,1,1
900701,Support,Junior,Onsite,Divorced,39,18000.0,16,5.35,5,17,5,5,40,1,5,0,0
900702,Support,Junior,Remote,Single,58,70791.14,23,10.86,2,12,1,8,2,3,8,1,1
900703,Support,Senior,Onsite,Single,47,61021.75,5,15.12,5,12,3,6,38,4,9,1,0
900704,Support,Senior,Hybrid,Divorced,41,64340.86,4,4.71,9,21,1,8,35,1,4,0,1
900705,Engineering,Junior,Remote,Married,26,61741.81,13,4.48,11,15,4,1,13,3,6,0,0
900706,HR,Mid,Remote,Single,27,78494.94,8,8.64,2,18,3,1,23,2,2,0,0
900707,Marketing,Senior,Onsite,Single,48,102000.93,4,2.0,8,11,4,2,9,2,4,0,0
900708,Engineering,Lead,Hybrid,Married,21,57842.23,10,4.26,3,16,5,6,4,3,6,1,0
900709,Engineering,Junior,Onsite,Single,53,49547.88,0,4.67,5,14,1,4,24,3,7,0,0
900710,Engineering,Senior,Hybrid,Married,45,117189.22,8,26.48,5,23,2,5,40,2,9,1,0
900711,Sales,Mid,Onsite,Married,56,60391.5,5,23.65,11,16,3,7,30,5,7,1,0
900712,Sales,Junior,Hybrid,Married,48,45969.51,5,8.51,4,7,5,3,32,4,4,0,1
900713,Engineering,Junior,Hybrid,Married,41,23015.77,1,2.41,1,12,5,4,29,4,8,1,1
900714,Support,Junior,Remote,Single,22,103930.01,15,22.22,1,15,1,5,40,4,7,1,0
900715,Sales,Junior,Hybrid,Single,26,106593.64,9,4.18,1,18,3,3,15,4,4,0,1
900716,Engineering,Mid,Remote,Single,46,65434.01,1,2.5,7,16,3,8,39,4,2,0,0
900717,Sales,Junior,Onsite,Single,52,107217.73,20,3.71,11,13,1,5,44,4,7,1,1
900718,Engineering,Senior,Hybrid,Single,23,117190.58,22,1.69,4,17,2,2,39,1,2,0,0
900719,Sales,Junior,Hybrid,Single,52,73794.69,23,9.09,10,18,5,6,31,3,2,1,0
900720,Engineering,Senior,Onsite,Married,53,24370.74,21,2.12,9,17,5,4,35,1,6,1,0
900721,Sales,Mid,Hybrid,Single,55,104643.72,11,5.24,8,13,3,8,27,5,1,1,0
900722,Engineering,Mid,Hybrid,Married,56,76807.13,7,7.94,3,15,4,9,15,2,3,0,0
900723,Engineering,Junior,Hybrid,Single,26,40419.7,9,13.6,4,19,3,3,12,5,6,1,0
900724,HR,Junior,Hybrid,Married,59,42962.54,5,1.0,5,24,1,9,20,2,3,0,1
900725,Support,Mid,Hybrid,Single,40,64092.64,22,2.6,6,13,5,3,16,5,5,1,0
900726,Engineering,Mid,Hybrid,Married,29,43253.94,8,14.42,9,15,3,4,16,1,4,1,0
900727,Engineering,Junior,Onsite,Married,50,29537.05,2,1.92,4,18,5,0,33,2,5,0,0
900728,Sales,Mid,Onsite,Married,56,38699.52,4,16.18,1,12,5,8,40,2,2,0,1
900729,Marketing,Junior,Onsite,Married,31,58699.54,17,4.67,6,20,2,2,17,4,3,1,0
900730,Engineering,Mid,Hybrid,Single,47,97202.09,10,2.65,1,18,4,8,13,1,2,1,1
900731,Engineering,Senior,Hybrid,Married,46,41406.74,1,3.27,4,10,3,2,28,3,4,1,0
900732,Marketing,Junior,Remote,Married,52,47396.83,23,8.09,7,17,5,7,20,1,2,1,0
900733,Sales,Lead,Hybrid,Married,38,44726.25,21,4.4,4,12,5,9,5,2,7,0,1
900734,Support,Junior,Hybrid,Married,48,38685.6,15,6.59,6,11,5,1,40,1,6,0,1
900735,HR,Lead,Hybrid,Married,51,57276.49,23,4.51,9,11,4,4,12,2,8,0,0
900736,Sales,Mid,Hybrid,Single,55,67538.43,23,2.73,11,17,4,6,24,2,5,0,0
900737,HR,Mid,Hybrid,Married,46,36883.74,24,35.12,11,23,4,9,33,3,2,1,0
900738,Sales,Mid,Hybrid,Single,34,101375.89,14,18.89,9,12,2,1,12,4,8,0,0
900739,HR,Junior,Hybrid,Single,38,29302.02,10,5.79,3,14,5,0,43,4,5,0,1
900740,Support,Mid,Hybrid,Single,30,70697.26,4,4.81,8,15,4,9,13,5,2,0,1
900741,Support,Senior,Onsite,Single,47,71102.51,21,10.0,8,16,5,8,40,1,9,1,1
900742,Engineering,Junior,Hybrid,Married,47,83788.08,13,12.86,10,7,3,2,9,1,7,1,0
900743,Support,Mid,Hybrid,Single,30,46125.22,16,1.59,7,18,2,4,31,5,3,1,0
900744,Engineering,Senior,Onsite,Divorced,28,90575.39,11,5.11,6,14,2,4,3,4,5,1,0
900745,HR,Senior,Hybrid,Married,30,49742.2,14,2.18,7,12,4,5,20,1,8,0,0
900746,Support,Senior,Onsite,Divorced,55,26394.24,1,1.0,3,18,2,4,6,5,3,0,0
900747,Support,Junior,Onsite,Married,56,39222.37,11,5.96,4,16,4,9,34,5,8,1,0
900748,Sales,Mid,Onsite,Married,28,46538.63,3,14.15,6,18,3,2,12,3,8,0,0
900749,Engineering,Mid,Onsite,Married,58,53880.37,15,3.79,5,12,3,3,24,1,3,0,0
900750,Support,Junior,Onsite,Divorced,51,93829.02,17,1.39,6,18,5,5,29,3,6,1,1
900751,Marketing,Lead,Hybrid,Single,55,99316.98,9,3.24,10,15,4,8,18,3,3,0,0
900752,Engineering,Junior,Hybrid,Single,25,86116.51,24,35.54,3,13,3,3,43,5,9,1,0
900753,Support,Junior,Onsite,Single,35,75976.25,20,9.46,2,13,2,1,17,2,2,1,1
900754,Marketing,Senior,Onsite,Single,53,30227.47,11,20.53,1,22,1,1,28,3,3,0,0
900755,Support,Junior,Hybrid,Single,39,108484.68,13,1.37,5,8,5,7,18,4,9,1,0
900756,Engineering,Senior,Onsite,Single,30,61442.26,9,11.19,8,12,4,3,25,1,4,1,0
900757,Marketing,Junior,Hybrid,Married,22,86607.47,23,14.46,2,17,1,9,21,2,1,1,1
900758,Engineering,Senior,Hybrid,Single,41,76796.41,9,3.84,2,9,1,4,41,2,6,1,0
900759,Engineering,Mid,Hybrid,Married,41,80320.01,18,3.32,10,16,5,1,16,3,9,1,0
900760,Engineering,Mid,Onsite,Single,28,65871.09,2,9.71,5,11,4,6,36,1,5,0,0
900761,Engineering,Mid,Onsite,Married,38,32266.3,11,1.89,3,14,3,3,1,4,2,1,0
900762,Sales,Senior,Hybrid,Married,59,38586.97,13,10.26,8,17,5,8,6,1,9,1,0
900763,HR,Junior,Onsite,Single,57,75762.96,6,3.51,1,17,2,6,34,1,3,1,0
900764,Sales,Junior,Onsite,Married,51,40142.38,19,14.48,4,13,1,9,27,5,7,0,0
900765,Support,Junior,Hybrid,Divorced,56,125596.58,18,3.74,8,22,2,2,12,4,9,0,1
900766,Marketing,Mid,Hybrid,Divorced,22,87747.43,16,2.59,11,17,3,1,31,5,9,1,0
900767,Engineering,Senior,Onsite,Married,39,65584.66,22,14.94,3,13,5,3,38,4,7,1,0
900768,Engineering,Junior,Remote,Single,41,80790.56,15,4.74,6,11,5,8,37,1,9,0,0
900769,Engineering,Junior,Remote,Single,43,75587.4,14,1.9,4,7,5,4,16,3,9,0,0
900770,Support,Lead,Hybrid,Married,26,26110.46,1,3.78,2,14,1,9,29,1,3,1,1
900771,Engineering,Lead,Onsite,Single,55,99917.83,5,3.61,5,10,3,3,39,1,8,1,0
900772,Engineering,Junior,Hybrid,Married,45,24877.55,21,15.08,8,16,2,2,44,2,9,1,1
900773,Engineering,Senior,Hybrid,Married,55,43999.91,15,7.36,9,12,3,3,20,4,6,0,0
900774,Marketing,Mid,Remote,Single,34,122389.37,12,10.86,6,16,3,7,28,5,3,0,0
900775,Sales,Senior,Onsite,Married,38,75540.91,13,10.2,4,13,1,2,17,5,9,0,1
900776,HR,Mid,Hybrid,Married,22,52213.82,12,1.0,3,13,3,7,42,2,5,0,0
900777,Sales,Junior,Hybrid,Married,37,81768.47,3,18.49,9,18,2,1,40,2,6,1,0
900778,Sales,Senior,Onsite,Married,40,68654.46,1,1.08,7,14,5,6,3,1,3,1,0
900779,Sales,Senior,Hybrid,Married,31,28227.16,11,1.77,7,9,4,1,32,1,7,0,0
900780,Support,Junior,Remote,Divorced,48,61590.9,18,2.44,11,19,4,9,33,1,7,1,0
900781,Sales,Mid,Hybrid,Married,48,128632.34,9,11.71,8,18,1,0,34,4,9,0,0
900782,HR,Junior,Hybrid,Married,55,84472.64,18,1.0,2,11,4,8,35,4,1,1,0
900783,Sales,Mid,Onsite,Married,23,85795.17,23,3.15,11,16,4,0,42,1,9,1,0
900784,Engineering,Mid,Remote,Single,29,92824.73,4,16.19,9,15,5,6,35,3,8,1,0
900785,Engineering,Junior,Onsite,Single,32,71437.06,23,7.14,4,19,1,3,15,1,7,1,0
900786,HR,Junior,Onsite,Married,37,71573.43,18,12.83,3,15,1,8,10,3,4,0,1
900787,Marketing,Junior,Hybrid,Single,24,52299.27,24,8.46,11,17,5,6,1,1,6,0,0
900788,Engineering,Junior,Onsite,Married,55,71795.26,15,1.0,7,12,4,9,37,2,4,0,0
900789,Support,Junior,Hybrid,Single,31,67224.14,2,1.0,3,17,1,1,11,5,2,1,1
900790,Support,Junior,Onsite,Married,30,29081.09,24,36.75,3,9,5,8,27,3,3,1,1
900791,Support,Junior,Hybrid,Single,37,74535.79,14,1.3,10,16,1,1,8,1,9,0,0
900792,Sales,Mid,Hybrid,Married,44,54296.56,16,4.32,10,13,1,4,2,2,8,0,0
900793,HR,Mid,Hybrid,Single,44,46283.02,20,9.64,4,13,5,2,23,4,1,1,0
900794,Sales,Junior,Remote,Single,39,84177.07,11,14.03,1,13,3,4,10,4,4,1,0
900795,Support,Senior,Hybrid,Married,53,77204.7,3,2.95,8,15,2,3,29,4,1,0,0
900796,Sales,Lead,Hybrid,Single,30,39949.46,19,30.34,3,15,2,4,8,3,4,0,0
900797,Support,Mid,Onsite,Single,45,30353.96,16,9.07,4,8,4,4,21,3,7,0,0
900798,Engineering,Mid,Remote,Single,42,35817.5,3,9.56,7,10,1,5,2,5,2,1,1
900799,Marketing,Senior,Hybrid,Married,38,85484.57,11,9.58,9,8,5,2,3,1,3,1,0
900800,Engineering,Junior,Hybrid,Married,51,18000.0,6,5.02,9,19,4,3,43,1,1,0,0
900801,Engineering,Senior,Onsite,Married,32,55283.5,21,4.02,5,10,3,0,8,2,9,1,1
900802,Engineering,Junior,Hybrid,Married,33,57288.22,7,1.8,8,16,4,6,42,3,3,1,0
900803,Marketing,Junior,Hybrid,Married,34,89128.13,7,1.0,7,12,4,8,9,4,4,0,0
900804,Sales,Junior,Onsite,Married,50,52121.78,3,15.66,11,13,2,8,27,3,7,1,1
900805,Engineering,Mid,Onsite,Married,48,101467.62,4,4.48,11,12,2,9,3,3,4,0,0
900806,Marketing,Senior,Onsite,Single,49,88070.23,22,23.54,6,15,4,7,1,3,2,1,0
900807,Support,Mid,Hybrid,Married,29,31920.12,17,1.0,10,19,4,9,20,2,1,0,1
900808,Sales,Junior,Onsite,Single,27,56478.12,16,1.0,9,15,1,4,22,4,5,0,1
900809,Engineering,Senior,Onsite,Single,25,82095.24,13,11.39,2,10,3,9,26,1,7,1,0
900810,HR,Senior,Hybrid,Married,59,65947.02,21,18.54,2,13,5,9,24,5,2,1,0
900811,Sales,Junior,Hybrid,Divorced,40,63117.11,23,16.21,5,13,4,6,10,2,6,0,1
900812,Engineering,Junior,Remote,Married,54,67263.68,16,32.39,2,6,2,9,3,1,9,0,0
900813,Support,Mid,Hybrid,Single,30,52612.59,8,5.17,5,16,3,0,35,5,2,1,1
900814,Support,Junior,Remote,Single,59,65825.58,23,2.13,4,12,5,4,13,2,4,0,0
900815,Support,Junior,Hybrid,Married,41,72212.08,18,1.66,10,11,3,9,31,2,9,1,0
900816,Engineering,Mid,Onsite,Single,28,41245.5,14,8.45,1,6,2,4,29,3,2,0,1
900817,Sales,Senior,Remote,Married,32,66393.34,8,10.01,5,20,1,9,18,5,3,0,1
900818,Support,Mid,Hybrid,Single,39,26203.17,1,29.08,3,10,3,0,14,4,5,1,0
900819,Engineering,Senior,Hybrid,Married,55,75778.91,11,3.57,7,16,2,3,26,1,5,0,0
900820,Marketing,Junior,Remote,Single,35,29309.26,1,26.32,4,12,3,6,1,5,7,0,0
900821,HR,Mid,Hybrid,Single,43,69005.0,1,1.03,11,17,3,0,44,1,1,0,0
900822,Marketing,Junior,Onsite,Married,51,96846.9,24,8.36,11,15,4,8,43,5,2,1,1
900823,Support,Senior,Hybrid,Married,52,77410.75,21,5.28,11,22,1,3,7,2,6,1,1
900824,Sales,Junior,Hybrid,Divorced,49,97132.96,16,10.67,1,16,4,2,22,4,1,1,1
900825,HR,Mid,Remote,Single,44,70151.51,19,11.45,7,15,1,5,12,3,6,1,0
900826,HR,Mid,Onsite,Single,21,56436.97,5,8.46,10,14,3,2,2,4,6,1,1
900827,Marketing,Senior,Onsite,Married,54,89467.19,0,6.97,11,6,5,1,42,5,8,1,0
900828,Marketing,Junior,Remote,Married,38,46054.76,17,3.66,1,15,5,2,14,4,7,0,0
900829,HR,Mid,Onsite,Married,51,49105.72,22,1.0,3,16,2,5,24,5,9,0,1
900830,Marketing,Mid,Hybrid,Married,51,49151.59,22,8.5,2,18,4,0,2,3,7,0,0
900831,Sales,Junior,Onsite,Married,40,56859.47,19,2.13,5,18,5,5,21,5,1,1,0
900832,Engineering,Mid,Hybrid,Divorced,46,60560.11,0,8.23,11,6,2,7,31,4,4,1,0
900833,Sales,Junior,Remote,Married,26,47573.19,19,2.79,11,7,1,9,11,5,3,1,0
900834,Support,Lead,Onsite,Single,45,104741.24,9,13.14,10,19,2,5,32,2,4,1,1
900835,Support,Mid,Hybrid,Married,58,26687.05,22,18.57,3,24,5,6,29,5,6,0,0
900836,Sales,Mid,Onsite,Single,27,43352.21,22,9.25,10,11,5,3,12,4,2,0,0
900837,Engineering,Junior,Hybrid,Divorced,51,39934.15,9,12.82,2,15,3,8,32,3,1,0,0
900838,HR,Mid,Onsite,Divorced,38,94647.73,19,35.67,3,11,5,4,16,4,3,1,0
900839,Engineering,Lead,Onsite,Divorced,59,68456.94,19,1.12,4,17,1,5,41,2,6,0,0
900840,Support,Lead,Remote,Married,38,76812.06,3,12.71,5,14,4,7,12,5,5,1,0
900841,Support,Junior,Hybrid,Married,55,78873.54,17,11.32,5,15,4,4,24,1,9,0,0
900842,Engineering,Junior,Onsite,Single,59,51180.13,1,6.41,11,17,1,0,23,4,3,0,1
900843,Engineering,Mid,Hybrid,Married,58,88348.19,19,6.73,5,11,4,1,32,5,8,0,0
900844,HR,Junior,Onsite,Married,26,76432.35,9,34.06,11,9,1,2,9,4,1,0,0
900845,Marketing,Junior,Onsite,Single,22,74055.18,18,7.23,5,12,2,7,34,4,4,0,0
900846,Marketing,Junior,Remote,Married,44,70400.64,15,4.43,5,15,2,0,5,2,5,1,0
900847,HR,Senior,Hybrid,Married,31,51167.92,22,5.65,9,14,5,0,34,2,9,1,0
900848,Engineering,Junior,Remote,Married,32,54770.53,9,5.03,7,12,3,8,42,4,4,0,0
900849,Support,Senior,Hybrid,Single,46,60460.76,4,10.73,11,11,3,1,31,1,6,1,0
900850,HR,Mid,Onsite,Single,28,104110.55,2,12.03,1,10,5,5,32,4,8,0,0
900851,Marketing,Mid,Onsite,Married,57,67630.56,18,1.66,6,15,1,5,22,1,3,1,0
900852,Sales,Junior,Onsite,Single,29,29104.14,7,7.92,7,13,1,5,41,4,4,1,1
900853,Engineering,Mid,Hybrid,Divorced,25,59370.18,22,1.0,4,14,1,6,17,3,1,1,1
900854,Sales,Mid,Onsite,Married,50,87684.19,14,1.65,4,17,5,7,9,3,8,0,0
900855,Support,Senior,Onsite,Single,43,68298.04,12,22.86,1,13,5,5,6,1,9,1,0
900856,Engineering,Mid,Onsite,Single,24,61835.54,10,4.85,8,14,1,5,4,3,4,1,1
900857,Engineering,Mid,Hybrid,Married,44,66996.06,13,1.18,6,18,4,8,1,4,8,0,0
900858,Sales,Junior,Hybrid,Married,36,96592.15,24,1.0,8,10,2,2,5,2,2,1,0
900859,HR,Lead,Hybrid,Married,39,55428.71,7,3.87,8,13,3,6,40,2,3,1,0
900860,Sales,Mid,Hybrid,Single,25,59001.17,7,14.86,4,20,2,6,25,3,2,1,1
900861,Engineering,Junior,Onsite,Single,32,96737.18,13,5.18,2,8,3,9,27,2,7,0,0
900862,Marketing,Senior,Hybrid,Single,53,75596.34,19,8.8,3,14,2,2,6,5,6,1,0
900863,HR,Mid,Onsite,Single,41,57142.93,6,1.0,2,10,4,9,22,5,2,1,0
900864,Sales,Senior,Onsite,Married,42,38808.47,7,2.12,2,11,1,5,29,3,8,1,1
900865,Support,Senior,Hybrid,Divorced,30,52869.71,1,11.44,9,18,3,5,1,2,6,0,0
900866,Engineering,Lead,Remote,Single,39,92885.61,15,10.36,10,10,3,1,14,1,2,1,0
900867,Engineering,Junior,Onsite,Single,47,58156.24,5,11.41,11,17,2,1,5,1,8,0,1
900868,Engineering,Junior,Onsite,Single,49,107520.85,9,10.28,4,10,4,2,27,1,5,1,0
900869,Marketing,Senior,Remote,Married,33,86235.19,10,10.82,9,21,1,0,41,3,7,1,0
900870,Sales,Mid,Remote,Married,37,32355.84,9,14.12,3,14,4,8,40,5,6,0,1
900871,Marketing,Senior,Remote,Single,33,41895.29,12,33.46,1,9,3,4,25,3,5,0,1
900872,Marketing,Mid,Hybrid,Married,32,19976.11,11,26.16,3,14,1,5,20,2,5,0,1
900873,Engineering,Mid,Hybrid,Married,49,95969.14,1,1.03,2,13,3,6,15,5,2,1,0
900874,Engineering,Mid,Onsite,Single,59,61311.05,0,7.94,5,14,1,0,21,4,3,1,0
900875,Engineering,Mid,Hybrid,Divorced,56,41419.6,15,1.0,11,17,3,0,16,2,2,1,0
900876,Engineering,Senior,Hybrid,Divorced,25,103611.85,11,1.74,3,16,2,0,29,1,3,0,0
900877,Sales,Mid,Hybrid,Single,27,106407.87,20,1.0,3,28,3,4,35,4,9,0,0
900878,Sales,Mid,Onsite,Single,51,38146.12,21,1.33,8,15,5,9,33,2,1,0,1
900879,Sales,Senior,Hybrid,Single,57,19971.69,9,15.48,2,15,1,3,25,2,8,1,1
900880,Engineering,Lead,Onsite,Married,57,81659.16,14,3.95,6,9,5,6,20,1,9,1,0
900881,Marketing,Mid,Onsite,Single,40,54472.39,10,5.53,10,19,2,6,18,3,7,1,0
900882,Sales,Junior,Hybrid,Married,52,37413.08,4,35.51,6,16,3,5,9,2,6,0,1
900883,Sales,Junior,Hybrid,Single,46,77913.71,24,14.77,7,12,2,1,31,5,2,1,0
900884,Support,Senior,Hybrid,Married,42,19492.39,19,6.27,9,8,2,1,43,2,9,1,0
900885,Engineering,Senior,Onsite,Married,34,72630.93,20,34.06,5,8,4,9,3,2,5,0,0
900886,Engineering,Mid,Onsite,Married,36,94197.18,20,1.0,11,20,1,0,13,5,7,0,0
900887,Support,Senior,Remote,Single,28,118896.57,2,4.32,1,16,2,7,1,4,9,0,1
900888,Sales,Mid,Onsite,Single,38,71606.58,8,2.01,1,13,5,1,30,2,3,0,0
900889,Sales,Senior,Remote,Divorced,59,70750.88,14,1.08,1,13,4,9,29,3,8,0,0
900890,Support,Junior,Onsite,Married,27,98829.54,12,1.0,7,12,5,4,12,3,1,0,1
900891,Sales,Lead,Onsite,Married,55,97565.64,24,17.4,11,11,1,0,34,4,5,1,0
900892,Marketing,Senior,Onsite,Married,49,18000.0,23,8.26,8,17,5,6,33,3,1,0,0
900893,Engineering,Senior,Hybrid,Single,59,40785.41,22,5.11,10,16,1,3,1,5,7,0,1
900894,Sales,Senior,Onsite,Married,44,69236.95,1,19.24,11,12,2,1,43,2,6,0,0
900895,HR,Mid,Hybrid,Single,49,49447.29,16,13.67,11,9,4,5,23,5,3,0,0
900896,Marketing,Senior,Onsite,Single,25,72935.96,21,30.77,4,6,3,7,42,3,7,1,0
900897,Sales,Junior,Remote,Divorced,49,68357.17,3,4.89,5,15,2,9,32,2,8,1,1
900898,Sales,Senior,Hybrid,Single,21,39747.08,24,1.0,11,13,1,7,29,2,4,1,0
900899,Engineering,Mid,Hybrid,Married,36,77714.55,24,26.49,10,25,2,6,23,4,5,0,0
900900,Support,Lead,Hybrid,Single,38,77750.41,20,5.48,1,15,1,5,17,1,3,1,1
900901,Engineering,Junior,Onsite,Married,24,39645.01,20,2.62,9,19,3,7,40,2,6,0,1
900902,Engineering,Lead,Hybrid,Married,33,77059.12,5,1.36,4,17,5,4,28,1,4,1,0
900903,Support,Mid,Hybrid,Single,31,47598.96,11,26.02,6,5,4,6,8,1,2,1,1
900904,Engineering,Mid,Onsite,Married,39,119721.5,14,7.53,11,17,1,5,34,2,8,0,0
900905,Marketing,Mid,Remote,Single,47,74401.6,7,6.23,11,15,5,1,41,1,7,1,1
900906,Sales,Senior,Onsite,Married,44,44864.72,21,3.35,6,18,1,1,21,4,7,1,0
900907,Engineering,Junior,Onsite,Married,59,91589.6,7,4.15,2,17,5,9,33,3,8,1,0
900908,Marketing,Senior,Hybrid,Single,30,114011.53,23,10.98,2,16,3,0,9,2,3,0,0
900909,Marketing,Senior,Onsite,Married,34,49505.86,15,18.48,4,13,2,9,43,4,3,0,0
900910,Sales,Junior,Remote,Divorced,42,68849.23,8,7.38,7,12,4,6,1,2,3,1,1
900911,Support,Junior,Hybrid,Single,35,44815.49,19,5.66,8,13,2,7,1,4,6,1,0
900912,Support,Junior,Onsite,Divorced,48,48967.79,7,21.45,11,15,2,1,38,2,8,1,1
900913,Engineering,Senior,Hybrid,Married,50,96833.35,17,1.03,9,17,1,8,5,4,5,0,0
900914,Sales,Junior,Hybrid,Married,48,30145.15,22,23.72,2,15,3,3,14,5,8,0,0
900915,Engineering,Junior,Hybrid,Divorced,22,69502.42,9,19.33,7,14,1,6,35,3,2,0,1
900916,Engineering,Senior,Hybrid,Married,48,55334.92,18,3.1,4,13,1,2,15,2,4,0,0
900917,Engineering,Senior,Hybrid,Single,50,50665.4,15,10.61,6,12,4,2,7,2,8,1,0
900918,Engineering,Junior,Onsite,Single,48,71372.82,11,10.03,3,13,1,5,2,2,2,0,1
900919,Engineering,Junior,Onsite,Married,36,26883.37,23,4.37,1,13,5,0,38,2,5,0,0
900920,Support,Junior,Hybrid,Single,59,127847.62,14,14.65,1,22,1,3,5,3,5,0,0
900921,Sales,Junior,Remote,Married,40,109946.71,17,1.02,5,21,5,5,39,1,3,0,1
900922,Sales,Junior,Onsite,Single,47,29077.46,19,10.98,1,14,1,1,40,3,3,0,1
900923,Sales,Junior,Onsite,Single,54,55044.65,23,16.88,6,12,2,5,11,4,5,1,0
900924,Support,Mid,Hybrid,Divorced,49,74314.63,24,20.83,6,21,3,3,21,1,6,0,1
900925,Engineering,Junior,Onsite,Single,27,56695.25,14,11.57,10,14,5,5,28,4,2,1,0
900926,Support,Senior,Hybrid,Single,33,41661.19,23,1.0,8,23,2,8,29,2,8,1,1
900927,HR,Mid,Onsite,Single,51,67296.6,16,4.99,6,14,3,3,29,2,6,0,1
900928,Marketing,Senior,Hybrid,Single,57,116257.35,21,19.59,4,14,2,6,24,5,5,0,0
900929,Engineering,Senior,Hybrid,Single,27,83070.18,19,9.64,10,10,4,5,1,1,7,0,0
900930,HR,Mid,Hybrid,Married,42,42879.82,11,21.06,9,22,1,0,44,2,3,1,0
900931,Sales,Senior,Hybrid,Married,38,65621.94,7,1.68,7,10,5,0,21,2,5,0,0
900932,Sales,Junior,Hybrid,Single,57,80495.02,19,3.66,6,14,3,5,31,2,4,1,1
900933,Engineering,Senior,Hybrid,Single,48,39918.61,23,3.26,1,9,2,3,35,4,8,1,0
900934,Engineering,Junior,Onsite,Divorced,46,84375.17,8,3.64,3,17,1,7,44,1,1,1,1
900935,Support,Junior,Hybrid,Divorced,35,40168.3,6,3.92,5,21,2,4,20,5,4,1,1
900936,Engineering,Junior,Hybrid,Single,40,86598.2,20,11.37,8,12,4,6,18,1,5,1,0
900937,Support,Senior,Onsite,Divorced,21,91219.1,6,1.6,5,22,4,7,33,1,6,0,0
900938,HR,Mid,Onsite,Single,57,74221.09,5,11.44,6,15,3,0,38,3,5,0,1
900939,Engineering,Junior,Remote,Single,35,18000.0,1,4.08,7,19,2,4,13,2,7,1,1
900940,HR,Mid,Remote,Married,51,85331.56,5,15.23,10,20,4,5,2,3,5,0,0
900941,Engineering,Lead,Hybrid,Married,55,21014.01,20,23.36,8,20,5,7,4,1,7,0,0
900942,Sales,Junior,Onsite,Divorced,49,48693.34,1,2.83,5,16,4,8,25,2,7,1,1
900943,Marketing,Junior,Onsite,Divorced,55,52095.84,22,1.0,8,9,3,7,12,2,6,1,0
900944,Support,Junior,Hybrid,Single,45,24384.21,15,1.87,10,13,4,3,17,1,2,0,0
900945,Support,Junior,Onsite,Single,24,38337.23,6,1.0,9,9,4,2,26,2,7,1,0
900946,Sales,Mid,Hybrid,Married,34,74488.02,9,9.62,7,22,4,8,20,4,1,0,0
900947,Support,Mid,Onsite,Married,40,98232.83,17,15.76,5,15,2,0,29,3,6,0,0
900948,Sales,Mid,Onsite,Single,36,41139.58,7,6.4,5,15,5,6,11,2,8,1,0
900949,Marketing,Junior,Hybrid,Single,33,52707.35,1,14.62,6,14,5,1,17,1,4,0,1
900950,Sales,Junior,Hybrid,Single,41,69938.62,23,3.23,1,11,3,2,27,4,6,1,0
900951,Engineering,Mid,Hybrid,Single,30,88200.96,16,12.97,11,14,3,1,44,5,9,0,0
900952,Engineering,Senior,Onsite,Married,33,64813.86,11,13.89,8,12,5,8,17,5,2,0,0
900953,Support,Senior,Hybrid,Single,39,81349.42,22,2.58,1,13,4,0,13,1,7,0,0
900954,HR,Senior,Remote,Married,39,47724.0,18,7.03,1,20,1,2,24,5,2,1,1
900955,Support,Junior,Onsite,Single,48,88961.49,0,17.04,5,12,2,1,25,3,3,0,0
900956,Support,Mid,Hybrid,Single,56,39467.36,24,1.32,3,6,3,9,27,3,4,1,0
900957,Sales,Junior,Hybrid,Single,42,74862.17,13,1.74,1,13,3,5,35,3,9,0,0
900958,Marketing,Junior,Remote,Single,26,72014.63,3,8.89,5,14,1,5,8,3,7,0,1
900959,Sales,Senior,Onsite,Single,23,57150.08,2,1.0,4,22,3,0,2,5,9,1,0
900960,Sales,Junior,Remote,Married,59,87795.94,23,19.26,8,17,4,5,17,2,4,1,1
900961,Engineering,Lead,Onsite,Single,26,80216.77,5,11.02,8,11,1,2,41,2,2,1,1
900962,Support,Lead,Onsite,Married,31,48345.93,7,9.71,4,14,3,9,35,2,6,0,0
900963,Marketing,Junior,Remote,Married,58,96698.6,6,16.16,7,12,5,4,36,5,9,0,0
900964,Sales,Junior,Hybrid,Single,42,87156.69,20,13.52,11,12,5,0,37,4,4,0,1
900965,Marketing,Mid,Remote,Single,53,78655.72,8,9.27,4,18,4,2,30,5,7,0,0
900966,Marketing,Junior,Hybrid,Married,53,40973.82,17,1.51,8,18,3,4,12,3,6,0,0
900967,Engineering,Senior,Remote,Divorced,28,53669.6,22,12.63,7,21,1,4,27,3,1,0,0
900968,Engineering,Junior,Onsite,Single,49,67050.71,16,12.04,10,6,5,9,24,5,2,0,0
900969,Marketing,Mid,Hybrid,Single,59,79729.69,16,4.03,7,16,3,9,37,1,1,0,1
900970,Engineering,Senior,Onsite,Divorced,56,69806.51,2,5.23,8,23,3,3,5,1,4,1,1
900971,Support,Senior,Remote,Married,26,49516.56,23,1.0,5,11,1,7,15,1,3,1,0
900972,Engineering,Mid,Onsite,Single,37,95549.1,9,1.42,3,10,1,9,35,2,9,1,0
900973,Support,Mid,Onsite,Married,40,43236.99,5,8.74,3,11,5,6,40,2,8,1,0
900974,Support,Junior,Hybrid,Single,23,68952.69,11,15.5,3,16,5,6,13,2,3,0,0
900975,Engineering,Senior,Onsite,Married,55,104475.25,13,3.23,6,20,1,0,12,2,3,0,1
900976,Sales,Mid,Onsite,Divorced,46,109726.6,3,16.36,10,16,5,4,40,5,9,1,0
900977,Sales,Mid,Onsite,Married,59,62474.07,14,1.0,2,11,2,5,39,3,6,0,0
900978,Engineering,Senior,Hybrid,Divorced,58,76363.64,20,4.82,5,20,2,7,31,5,7,0,0
900979,Engineering,Junior,Hybrid,Single,57,31929.09,23,5.66,8,19,5,1,28,3,7,1,0
900980,Sales,Lead,Onsite,Single,33,51829.4,12,7.31,6,12,5,5,9,2,7,0,0
900981,Support,Mid,Onsite,Single,46,74885.17,15,7.67,6,14,1,5,30,5,5,0,0
900982,Marketing,Junior,Remote,Single,57,92505.57,24,6.43,7,13,1,5,41,5,9,0,0
900983,Marketing,Mid,Remote,Single,34,63522.04,9,1.0,7,13,3,8,3,5,6,0,0
900984,Sales,Mid,Hybrid,Married,31,77594.69,7,6.1,6,21,2,4,28,4,4,0,1
900985,Marketing,Senior,Onsite,Married,32,88377.95,24,2.57,4,16,3,5,29,5,5,1,1
900986,HR,Senior,Hybrid,Married,58,80220.13,14,1.0,4,14,2,9,16,2,3,0,0
900987,Support,Lead,Onsite,Married,49,51623.85,22,3.45,5,16,4,1,17,2,8,1,0
900988,Marketing,Senior,Onsite,Divorced,51,34162.72,13,1.5,6,18,1,9,12,2,4,1,0
900989,Support,Junior,Remote,Single,53,96577.91,9,16.55,10,15,5,8,11,4,4,1,0
900990,Engineering,Senior,Onsite,Married,32,68751.67,4,6.28,8,16,3,2,9,5,8,0,0
900991,Sales,Junior,Onsite,Married,33,88356.81,6,6.27,6,21,2,2,17,3,7,1,0
900992,Support,Junior,Onsite,Married,35,64321.74,13,4.98,6,18,2,5,35,3,6,0,1
900993,Support,Mid,Onsite,Married,27,43046.61,8,30.79,10,18,1,7,43,1,8,1,0
900994,Engineering,Junior,Onsite,Single,28,57273.61,15,1.0,4,16,4,5,43,4,8,0,1
900995,Engineering,Senior,Hybrid,Divorced,42,64934.69,13,6.9,8,13,5,0,39,4,4,0,0
900996,Sales,Mid,Hybrid,Married,36,18683.44,23,1.0,8,10,4,3,23,2,9,1,0
900997,Marketing,Junior,Hybrid,Single,38,76118.39,24,26.44,6,10,4,4,38,2,7,0,0
900998,Engineering,Junior,Remote,Divorced,57,62672.11,11,21.91,11,14,3,0,6,1,6,1,1
900999,Sales,Mid,Onsite,Married,39,37625.47,18,7.8,6,17,5,0,16,5,8,1,0
